Date,Open,High,Low,Close,Adj Close,Volume
2012-04-02,210.0,225.0,207.0,210.0,201.619232,5149051.0
2012-04-03,211.0,224.25,209.75,224.25,215.300537,2668686.0
2012-04-04,222.0,224.5,219.0,224.25,215.300537,95266.0
2012-04-05,225.0,225.25,223.75,229.75,220.581039,2002829.0
2012-04-10,229.75,234.0,225.0,230.0,220.821075,55816.0
2012-04-11,215.0,220.0,214.5,220.0,211.220154,638447.0
2012-04-12,220.0,220.0,215.0,219.0,210.260071,580616.0
2012-04-13,220.0,220.0,214.0,215.0,206.419693,327874.0
2012-04-16,215.0,215.0,214.800003,220.0,211.220154,643835.0
2012-04-17,214.0,216.5,212.0,215.0,206.419693,1227748.0
2012-04-18,217.5,225.0,214.0,222.0,213.14032,151298.0
2012-04-19,230.0,230.0,216.75,216.75,208.099869,112938.0
2012-04-20,220.0,230.0,218.0,224.0,215.060516,2144.0
2012-04-23,223.0,223.0,215.0,217.0,208.339874,12538.0
2012-04-24,217.0,217.0,214.0,215.0,206.419693,237395.0
2012-04-25,212.0,212.75,208.0,212.0,203.539429,513073.0
2012-04-26,210.0,210.0,209.0,209.0,200.659149,27340.0
2012-04-27,209.0,210.0,209.0,210.0,201.619232,271525.0
2012-04-30,208.0,210.0,208.0,209.5,201.139175,129983.0
2012-05-01,209.5,210.0,209.0,209.75,201.379211,13351.0
2012-05-02,208.0,209.0,207.0,207.75,199.459015,215571.0
2012-05-03,208.0,208.0,204.899994,207.0,198.738968,124546.0
2012-05-04,207.0,207.0,205.0,205.0,196.818771,61556.0
2012-05-08,205.0,205.0,205.0,204.0,195.858673,20655.0
2012-05-09,201.0,201.0,185.25,201.0,192.978424,43032.0
2012-05-10,205.0,210.0,201.0,201.0,192.978424,156553.0
2012-05-11,200.0,204.740005,200.0,203.5,195.378632,117796.0
2012-05-14,200.0,203.0,200.0,197.5,189.618088,30879.0
2012-05-15,,,,,,
2012-05-16,200.0,200.0,199.0,200.0,192.018326,242388.0
2012-05-17,200.0,200.0,198.0,196.5,188.65802,93935.0
2012-05-18,197.0,198.0,190.0,194.0,186.257767,23609.0
2012-05-21,194.0,205.0,190.0,196.0,188.177948,274022.0
2012-05-22,196.0,200.0,196.0,197.0,189.138046,243001.0
2012-05-23,199.0,199.5,196.0,195.0,187.217865,215770.0
2012-05-24,200.0,200.0,192.800003,198.0,190.098129,132252.0
2012-05-25,198.0,205.0,198.0,207.5,199.219009,237091.0
2012-05-29,213.5,215.0,208.5,209.0,200.659149,185669.0
2012-05-30,210.0,210.0,204.5,204.5,196.33873,42525.0
2012-05-31,205.25,209.0,205.0,209.0,200.659149,55142.0
2012-06-01,209.0,209.0,198.0,206.0,197.77887,35524.0
2012-06-06,207.75,209.75,200.5,205.0,196.818771,557065.0
2012-06-07,207.5,215.0,206.0,210.0,201.619232,826736.0
2012-06-08,200.0,225.0,200.0,224.75,215.780579,236909.0
2012-06-11,220.25,230.0,220.0,226.5,217.460739,943312.0
2012-06-12,225.0,226.5,216.75,224.75,215.780579,681537.0
2012-06-13,227.75,229.5,219.0,225.0,216.020615,477284.0
2012-06-14,230.0,230.0,205.5,212.75,204.259491,280669.0
2012-06-15,223.25,225.0,201.75,202.25,194.178543,2562670.0
2012-06-18,200.0,205.0,195.0,202.5,194.418564,219688.0
2012-06-19,200.0,201.199997,188.766006,199.699997,191.730286,424114.0
2012-06-20,193.0,205.0,193.0,200.0,192.018326,140856.0
2012-06-21,200.0,200.0,197.0,197.5,189.618088,301185.0
2012-06-22,195.0,200.0,192.712006,194.0,186.257767,156158.0
2012-06-25,200.0,200.0,194.899994,194.899994,187.121857,38583.0
2012-06-26,197.199997,197.199997,193.800003,194.0,186.257767,29393.0
2012-06-27,193.0,195.699997,193.0,194.0,186.257767,126376.0
2012-06-28,193.0,195.5,190.093994,194.0,186.257767,49753.0
2012-06-29,194.800003,198.0,190.5,190.5,182.897446,61847.0
2012-07-02,190.100006,197.028,190.0,193.0,185.297668,102637.0
2012-07-03,193.0,198.0,190.0,197.399994,189.522064,55819.0
2012-07-04,196.899994,204.800003,196.899994,203.0,194.898605,107232.0
2012-07-05,203.899994,205.100006,198.0,198.0,190.098129,109752.0
2012-07-06,199.5,202.0,199.231995,200.0,192.018326,15914.0
2012-07-09,197.300003,203.300003,197.300003,200.0,192.018326,34781.0
2012-07-10,206.0,206.0,200.0,200.5,192.498367,37452.0
2012-07-11,198.0,202.0,198.0,198.0,190.098129,480899.0
2012-07-12,197.0,199.899994,195.699997,199.899994,191.922302,21965.0
2012-07-13,195.100006,200.899994,195.100006,200.0,192.018326,15511.0
2012-07-16,196.899994,200.0,196.899994,200.0,192.018326,59969.0
2012-07-17,198.300003,200.0,193.0,193.0,185.297668,28666.0
2012-07-18,199.899994,200.0,194.0,200.0,192.018326,225134.0
2012-07-19,197.0,200.0,197.0,200.0,192.018326,39241.0
2012-07-20,200.0,200.0,193.0,196.699997,188.850006,7324.0
2012-07-23,193.0,199.899994,193.0,199.5,191.538284,4242.0
2012-07-24,193.0,195.0,193.0,195.0,187.217865,25719.0
2012-07-25,195.0,195.399994,193.0,193.5,185.777725,39812.0
2012-07-26,193.100006,197.899994,193.0,196.0,188.177948,160393.0
2012-07-27,199.899994,201.699997,193.0,202.0,193.938492,16633.0
2012-07-30,204.0,204.0,197.0,200.0,192.018326,60049.0
2012-07-31,200.0,200.0,195.0,195.0,187.217865,21016.0
2012-08-01,199.800003,199.800003,188.966003,196.0,188.177948,64449.0
2012-08-02,199.800003,199.800003,194.0,194.0,186.257767,9141.0
2012-08-03,199.899994,199.899994,194.899994,199.0,191.058228,8709.0
2012-08-06,199.899994,200.0,197.800003,199.5,191.538284,33448.0
2012-08-07,200.0,200.0,197.210007,199.0,191.058228,89305.0
2012-08-08,199.0,200.0,197.0,199.0,191.058228,13364.0
2012-08-09,193.399994,200.0,193.399994,199.0,191.058228,19370.0
2012-08-10,204.699997,204.699997,195.5,198.0,190.098129,54146.0
2012-08-13,198.0,200.0,195.0,198.0,190.098129,86963.0
2012-08-14,198.0,200.0,195.0,199.0,191.058228,18403.0
2012-08-15,198.600006,199.899994,192.800003,192.800003,185.105652,3526.0
2012-08-16,201.600006,201.600006,185.865997,190.0,182.417404,47394.0
2012-08-17,193.5,193.899994,185.399994,193.699997,185.969742,22946.0
2012-08-20,193.699997,199.100006,193.699997,197.800003,189.906128,7033.0
2012-08-21,190.199997,197.186005,190.0,190.0,182.417404,10752.0
2012-08-22,190.199997,197.0,190.199997,196.399994,188.561981,12760.0
2012-08-23,192.300003,198.479996,191.0,197.0,189.138046,5678.0
2012-08-24,195.899994,197.0,188.100006,197.0,189.138046,26737.0
2012-08-28,197.0,198.399994,188.932999,197.5,189.618088,51780.0
2012-08-29,196.300003,206.100006,190.100006,198.300003,190.386154,447523.0
2012-08-30,199.5,199.5,192.600006,197.0,189.138046,76776.0
2012-08-31,196.0,199.5,196.0,199.5,191.538284,4973.0
2012-09-03,199.399994,200.0,196.0,197.0,189.138046,32428.0
2012-09-04,200.0,200.0,194.100006,196.0,188.177948,35091.0
2012-09-05,194.0,197.492004,186.0,186.0,178.577026,16418.0
2012-09-06,186.600006,193.699997,186.600006,193.699997,185.969742,35401.0
2012-09-07,193.699997,195.0,192.600006,193.0,185.297668,5782.0
2012-09-10,191.300003,195.0,190.0,190.0,182.417404,18790.0
2012-09-11,190.899994,190.899994,190.0,190.449997,182.849442,4755.0
2012-09-12,192.0,194.100006,190.0,192.0,184.337585,104913.0
2012-09-13,194.899994,196.899994,190.0,190.0,182.417404,29236.0
2012-09-14,190.300003,195.399994,190.0,194.600006,186.833817,11375.0
2012-09-17,192.0,195.0,190.0,195.0,187.217865,13040.0
2012-09-18,195.0,196.699997,190.0,194.800003,187.025848,36645.0
2012-09-19,195.0,201.192001,193.0,193.0,185.297668,91833.0
2012-09-20,200.0,200.0,190.0,190.0,182.417404,14708.0
2012-09-21,197.899994,197.899994,186.5,193.0,185.297668,105516.0
2012-09-24,193.0,194.899994,190.0,190.0,182.417404,8648.0
2012-09-25,190.100006,192.300003,182.423996,189.800003,182.225388,71982.0
2012-09-26,190.0,190.0,180.100006,180.100006,172.912506,5630.0
2012-09-27,188.899994,190.839996,188.0,188.0,180.497208,282773.0
2012-09-28,188.0,195.0,181.0,181.0,173.776581,60117.0
2012-10-01,186.800003,195.699997,183.699997,195.699997,187.889938,76532.0
2012-10-02,190.100006,196.438995,188.0,188.100006,180.593216,125772.0
2012-10-03,192.899994,196.035004,190.0,194.699997,186.92984,33735.0
2012-10-04,196.699997,196.699997,190.600006,191.5,183.857544,55246.0
2012-10-05,196.800003,196.800003,187.300003,194.0,186.257767,130806.0
2012-10-08,196.800003,196.800003,190.300003,193.0,185.297668,20936.0
2012-10-09,193.0,193.0,190.100006,192.0,184.337585,12914.0
2012-10-10,193.0,193.0,187.199997,187.199997,179.729126,43649.0
2012-10-11,190.100006,193.0,184.0,184.0,176.656845,34608.0
2012-10-12,181.899994,190.0,181.899994,186.199997,178.769058,19970.0
2012-10-15,180.100006,185.600006,180.100006,184.899994,177.52092,5524.0
2012-10-16,187.5,190.0,186.800003,187.5,180.017181,39548.0
2012-10-17,183.899994,185.0,180.0,185.0,177.616959,46243.0
2012-10-18,178.5,189.899994,178.5,182.899994,175.600739,25295.0
2012-10-19,188.800003,189.548004,181.0,181.0,173.776581,5814.0
2012-10-22,186.0,188.899994,185.600006,185.600006,178.192993,15864.0
2012-10-23,187.0,187.0,181.0,184.0,176.656845,40651.0
2012-10-24,181.800003,186.199997,181.0,181.0,173.776581,8971.0
2012-10-25,182.199997,186.0,181.199997,184.0,176.656845,11995.0
2012-10-26,189.699997,189.699997,182.0,185.0,177.616959,641.0
2012-10-29,188.0,189.134995,182.587997,184.699997,177.328918,31160.0
2012-10-30,187.399994,187.399994,181.100006,182.0,174.736649,113171.0
2012-10-31,181.600006,183.100006,181.0,181.0,173.776581,159895.0
2012-11-01,188.0,188.0,182.600006,183.5,176.176804,21528.0
2012-11-02,189.5,189.5,182.699997,182.699997,175.408737,5511.0
2012-11-05,182.699997,182.699997,182.0,182.0,174.736649,2660.0
2012-11-06,182.100006,185.199997,182.0,183.600006,176.272797,22249.0
2012-11-07,183.5,194.0,183.100006,190.0,182.417404,33176.0
2012-11-08,188.899994,191.100006,183.399994,185.0,177.616959,9184.0
2012-11-09,182.100006,188.899994,182.0,182.0,174.736649,9986.0
2012-11-12,182.100006,182.800003,175.919998,181.5,174.256622,34315.0
2012-11-13,185.0,185.0,183.699997,185.0,177.616959,18164.0
2012-11-14,188.0,188.0,181.199997,184.5,177.136902,19010.0
2012-11-15,181.100006,183.0,181.0,181.0,173.776581,13127.0
2012-11-16,184.899994,184.899994,173.699005,180.0,172.816498,24540.0
2012-11-19,176.0,179.300003,173.100006,179.300003,172.14444,11774.0
2012-11-20,181.100006,185.132004,175.899994,177.0,169.936218,26515.0
2012-11-21,173.800003,177.0,172.0,175.899994,168.880112,14477.0
2012-11-22,175.899994,178.641998,172.248993,174.399994,167.439972,14733.0
2012-11-23,177.0,177.447998,169.800003,169.800003,163.023544,12909.0
2012-11-26,169.800003,181.0,169.800003,175.199997,168.208054,205001.0
2012-11-27,178.800003,178.800003,175.0,175.0,168.016022,20102.0
2012-11-28,178.481003,180.0,178.5,180.0,172.816498,11167.0
2012-11-29,174.5,178.399994,173.300003,176.0,168.97612,38542.0
2012-11-30,178.100006,180.755005,168.699997,176.0,168.97612,81635.0
2012-12-03,176.800003,181.110001,176.800003,177.100006,170.032227,25027.0
2012-12-04,174.5,177.0,172.899994,175.0,168.016022,20033.0
2012-12-05,177.100006,181.899994,171.800003,171.800003,164.943741,26091.0
2012-12-06,174.899994,177.5,170.0,171.0,164.175659,134809.0
2012-12-07,178.100006,180.600006,174.899994,174.899994,167.920029,4216.0
2012-12-10,175.600006,175.600006,173.5,174.300003,167.343979,25345.0
2012-12-11,175.0,178.199997,174.479996,174.800003,167.824036,41465.0
2012-12-12,181.199997,181.199997,174.0,176.399994,169.360168,211182.0
2012-12-13,180.899994,182.600006,178.300003,179.300003,172.14444,39411.0
2012-12-14,179.300003,180.399994,177.100006,180.0,172.816498,36269.0
2012-12-17,179.699997,181.0,178.5,178.5,171.376358,41211.0
2012-12-18,178.0,178.0,170.0,175.0,168.016022,155545.0
2012-12-19,175.800003,177.759995,168.985001,172.399994,165.519791,107644.0
2012-12-20,171.600006,175.100006,166.738998,172.0,165.135773,832580.0
2012-12-21,172.25,176.503006,172.0,172.0,165.135773,765016.0
2012-12-24,174.75,178.375,172.0,172.0,165.135773,6824.0
2012-12-27,172.0,185.0,172.0,185.0,177.616959,45486.0
2012-12-28,178.25,185.25,178.25,185.25,177.856979,29389.0
2012-12-31,185.0,196.75,185.0,196.75,188.898026,36758.0
2013-01-02,196.75,204.75,189.0,200.0,192.018326,276461.0
2013-01-03,200.0,203.0,197.919998,200.0,192.018326,160684.0
2013-01-04,199.25,201.143997,195.0,195.0,187.217865,44801.0
2013-01-07,198.0,200.0,196.259995,198.25,190.33815,36450.0
2013-01-08,199.0,202.0,198.75,200.0,192.018326,116538.0
2013-01-09,199.75,216.375,199.75,208.0,199.699051,373472.0
2013-01-10,207.75,208.5,205.395004,208.5,200.179108,35609.0
2013-01-11,210.0,210.0,204.25,204.25,196.098709,87560.0
2013-01-14,202.25,208.0,202.25,207.0,198.738968,113962.0
2013-01-15,209.0,212.0,208.0,212.0,203.539429,287369.0
2013-01-16,215.0,215.0,210.520004,215.0,206.419693,302654.0
2013-01-17,213.5,213.5,206.740005,213.5,204.979553,38830.0
2013-01-18,213.25,221.75,210.559998,213.375,204.859543,113003.0
2013-01-21,218.0,218.5,213.5,217.0,208.339874,163935.0
2013-01-22,217.0,220.863007,216.0,219.0,210.260071,648012.0
2013-01-23,219.0,222.0,217.563995,222.0,213.14032,107875.0
2013-01-24,222.0,222.0,219.313004,217.5,208.819916,85089.0
2013-01-25,219.0,241.5,219.0,238.5,228.981842,164774.0
2013-01-28,237.75,241.0,230.0,233.0,223.70134,118207.0
2013-01-29,235.0,249.0,234.410995,249.0,239.062805,561661.0
2013-01-30,247.5,249.0,244.75,246.0,236.182541,207464.0
2013-01-31,246.0,250.0,240.0,250.0,240.022903,38961.0
2013-02-01,250.0,261.0,249.699997,254.0,243.863281,281281.0
2013-02-04,249.0,253.602005,245.0,246.875,237.022598,37716.0
2013-02-05,242.0,248.0,230.432999,248.0,238.102707,90431.0
2013-02-06,248.0,253.860001,246.0,246.0,236.182541,112082.0
2013-02-07,246.75,252.5,246.75,250.0,240.022903,12616.0
2013-02-08,250.5,255.0,246.25,255.0,244.823349,19091.0
2013-02-11,255.0,255.0,252.813004,255.0,244.823349,66536.0
2013-02-12,250.0,255.0,247.0,255.0,244.823349,42985.0
2013-02-13,250.0,252.813004,245.25,250.0,240.022903,38565.0
2013-02-14,250.0,255.0,241.563004,255.0,244.823349,219450.0
2013-02-15,250.0,255.0,250.0,250.0,240.022903,27652.0
2013-02-18,257.0,257.0,257.0,254.625,244.463333,3390.0
2013-02-19,254.0,268.0,253.042999,265.0,254.424301,193390.0
2013-02-20,265.0,267.84201,261.5,265.0,254.424301,145677.0
2013-02-21,266.25,271.0,262.5,269.0,258.264648,242693.0
2013-02-22,272.75,273.0,265.0,269.0,258.264648,182946.0
2013-02-25,269.0,272.0,267.5,269.0,258.264648,69020.0
2013-02-26,269.0,274.0,269.0,270.0,259.224701,95560.0
2013-02-27,270.0,281.295013,270.0,274.25,263.305115,76266.0
2013-02-28,280.0,288.325012,280.0,283.0,271.705902,95046.0
2013-03-01,290.75,294.5,285.0,290.0,278.426575,169792.0
2013-03-04,290.0,295.0,288.480011,295.0,283.22702,311977.0
2013-03-05,295.0,295.149994,292.0,292.0,280.346741,61239.0
2013-03-06,287.0,308.0,287.0,301.0,288.987549,74966.0
2013-03-07,306.25,309.75,295.25,308.0,295.708252,72598.0
2013-03-08,302.0,309.029999,302.0,309.0,296.668304,6254.0
2013-03-11,300.5,310.0,300.5,310.0,297.628387,137549.0
2013-03-12,305.0,316.75,305.0,310.0,297.628387,85257.0
2013-03-13,307.0,319.25,303.25,319.25,306.509277,111309.0
2013-03-14,320.0,330.0,320.0,329.0,315.870117,67012.0
2013-03-15,330.0,357.0,329.25,349.0,335.07196,850780.0
2013-03-18,347.0,347.0,314.899994,334.200012,320.86264,471221.0
2013-03-19,329.100006,340.0,329.100006,340.0,326.431152,170835.0
2013-03-20,340.0,340.0,331.100006,340.0,326.431152,76794.0
2013-03-21,330.799988,338.600006,329.200012,337.899994,324.414978,50344.0
2013-03-22,337.5,340.899994,331.200012,340.899994,327.295197,25718.0
2013-03-25,340.0,340.0,330.399994,340.0,326.431152,66029.0
2013-03-26,341.0,341.0,326.665009,334.0,320.670593,150755.0
2013-03-27,330.799988,333.0,327.0,330.0,316.830231,33195.0
2013-03-28,330.0,330.0,316.730011,328.0,314.910034,67835.0
2013-04-02,328.0,333.700012,322.507996,328.0,314.910034,110310.0
2013-04-03,319.700012,326.799988,312.5,312.5,300.028625,74181.0
2013-04-04,308.700012,324.600006,302.427002,308.799988,296.476288,132968.0
2013-04-05,318.200012,327.700012,311.100006,327.700012,314.62204,48157.0
2013-04-08,324.899994,325.0,316.619995,325.0,312.029785,27827.0
2013-04-09,321.899994,326.0,321.600006,326.0,312.989868,107556.0
2013-04-10,325.899994,326.0,316.799988,326.0,312.989868,63907.0
2013-04-11,324.200012,329.200012,317.700012,324.899994,311.933746,53620.0
2013-04-12,319.200012,326.0,319.200012,325.0,312.029785,71089.0
2013-04-15,324.100006,326.0,320.565002,326.0,312.989868,38933.0
2013-04-16,326.0,326.0,319.5,325.5,312.509796,80062.0
2013-04-17,323.200012,326.0,312.806,326.0,312.989868,31326.0
2013-04-18,317.799988,326.0,316.708008,325.0,312.029785,25541.0
2013-04-19,311.799988,340.0,305.56601,340.0,326.431152,447886.0
2013-04-22,336.600006,340.0,326.019989,340.0,326.431152,76405.0
2013-04-23,329.399994,337.0,328.100006,336.0,322.59079,29555.0
2013-04-24,335.899994,340.0,332.0,339.0,325.471039,113300.0
2013-04-25,339.600006,340.0,336.200012,337.899994,324.414978,16360.0
2013-04-26,340.0,340.0,336.0,338.0,324.510956,53446.0
2013-04-29,329.899994,339.799988,329.899994,337.799988,324.318909,28078.0
2013-04-30,332.100006,337.899994,307.700012,310.0,297.628387,330141.0
2013-05-01,308.0,310.048004,256.743988,276.700012,265.657349,423285.0
2013-05-02,272.0,291.013,272.0,286.0,274.586212,222192.0
2013-05-03,292.0,298.0,287.0,287.0,275.546265,56950.0
2013-05-07,287.0,290.0,278.529999,289.0,277.466492,107136.0
2013-05-08,282.299988,289.5,277.809998,282.0,270.745819,58982.0
2013-05-09,282.899994,284.0,279.820007,281.0,269.785736,82081.0
2013-05-10,284.899994,284.899994,270.0,277.899994,266.809448,148778.0
2013-05-13,280.0,281.600006,273.899994,279.600006,268.44162,24142.0
2013-05-14,285.0,286.200012,271.399994,280.5,269.305695,47382.0
2013-05-15,279.899994,280.0,273.144012,280.0,268.825653,11991.0
2013-05-16,279.899994,285.0,275.299988,285.0,273.626129,430944.0
2013-05-17,287.0,289.690002,284.019989,285.0,273.626129,62631.0
2013-05-20,291.899994,297.0,285.0,292.0,280.346741,59589.0
2013-05-21,290.0,302.0,289.799988,297.0,285.147186,146313.0
2013-05-22,299.899994,300.0,296.0,299.0,287.067383,275759.0
2013-05-23,292.200012,296.399994,288.161011,296.399994,284.571136,48927.0
2013-05-24,297.899994,299.0,295.0,299.0,287.067383,19732.0
2013-05-28,299.0,306.899994,297.0,299.0,287.067383,208916.0
2013-05-29,299.0,299.0,290.5,295.299988,287.456726,41342.0
2013-05-30,299.899994,299.899994,293.0,294.5,286.677979,189117.0
2013-05-31,295.0,295.0,294.5,294.5,286.677979,8287.0
2013-06-03,295.399994,297.5,294.5,296.0,288.138184,28177.0
2013-06-04,299.5,318.700012,298.429993,306.0,297.872559,136998.0
2013-06-05,313.700012,313.799988,299.899994,305.0,296.899139,24644.0
2013-06-06,310.0,312.0,305.0,305.0,296.899139,46816.0
2013-06-07,309.899994,310.0,303.899994,305.0,296.899139,16450.0
2013-06-10,304.0,309.200012,303.644989,306.0,297.872559,74496.0
2013-06-11,308.0,308.0,303.200012,305.899994,297.775208,27998.0
2013-06-12,305.5,316.5,300.100006,311.100006,302.837128,207330.0
2013-06-13,312.0,315.839996,309.899994,312.0,303.713226,66377.0
2013-06-14,312.0,335.079987,312.0,330.0,321.235107,109482.0
2013-06-17,325.0,329.929993,321.799988,322.799988,314.226349,273023.0
2013-06-18,329.899994,329.899994,297.0,304.0,295.92569,198636.0
2013-06-19,307.899994,311.0,300.200012,304.5,296.412415,91150.0
2013-06-20,308.0,310.799988,286.399994,286.399994,278.793121,362536.0
2013-06-21,290.0,300.100006,290.0,296.5,288.624847,269826.0
2013-06-24,295.299988,298.700012,285.0,293.0,285.217834,262256.0
2013-06-25,292.5,298.5,289.100006,292.0,284.244385,172019.0
2013-06-26,288.200012,299.200012,263.0,267.700012,260.589813,141926.0
2013-06-27,268.0,278.43399,268.0,270.0,262.828705,211381.0
2013-06-28,265.0,282.0,265.0,270.0,262.828705,86962.0
2013-07-01,275.0,284.0,274.600006,283.0,275.483429,121398.0
2013-07-02,284.5,290.100006,284.5,290.0,282.297516,116594.0
2013-07-03,285.0,288.600006,278.899994,285.899994,278.306396,72983.0
2013-07-04,288.0,289.100006,285.799988,287.899994,280.253296,77933.0
2013-07-05,280.5,289.399994,280.5,286.100006,278.501099,26714.0
2013-07-08,287.600006,290.0,286.5,286.5,278.890503,54678.0
2013-07-09,287.0,293.299988,286.0,287.5,279.863922,46141.0
2013-07-10,287.0,289.0,285.0,289.0,281.324097,24349.0
2013-07-11,295.0,295.0,288.299988,289.5,281.810791,18859.0
2013-07-12,288.0,288.0,283.0,287.0,279.377228,21557.0
2013-07-15,283.0,289.0,283.0,285.299988,277.722351,31373.0
2013-07-16,280.0,286.0,280.0,286.0,278.403778,13364.0
2013-07-17,288.899994,289.399994,285.600006,288.0,280.350677,18126.0
2013-07-18,281.700012,296.399994,281.700012,290.0,282.297516,65656.0
2013-07-19,285.0,300.0,285.0,298.0,290.085052,68436.0
2013-07-22,297.0,299.0,295.0,295.799988,287.943481,68703.0
2013-07-23,300.0,300.0,296.0,298.0,290.085052,79075.0
2013-07-24,290.799988,298.0,290.799988,297.0,289.111603,29754.0
2013-07-25,300.0,300.0,296.5,297.0,289.111603,90603.0
2013-07-26,292.0,297.899994,292.0,296.0,288.138184,18711.0
2013-07-29,288.5,298.100006,288.5,296.0,288.138184,53223.0
2013-07-30,290.0,299.0,290.0,296.200012,288.332855,36025.0
2013-07-31,294.0,298.0,294.0,296.5,288.624847,26107.0
2013-08-01,298.0,299.299988,294.899994,297.5,289.598328,297349.0
2013-08-02,297.5,303.299988,297.5,299.0,291.058472,214762.0
2013-08-05,295.0,302.0,295.0,300.0,292.031921,146588.0
2013-08-06,300.0,300.100006,299.0,299.100006,291.155792,46775.0
2013-08-07,300.0,301.899994,299.0,299.600006,291.642517,28406.0
2013-08-08,300.0,300.100006,298.540009,299.0,291.058472,37300.0
2013-08-09,297.0,309.899994,297.0,302.0,293.97879,35683.0
2013-08-12,300.0,304.899994,300.0,303.0,294.952271,92810.0
2013-08-13,300.0,323.700012,300.0,316.0,307.606964,43356.0
2013-08-14,312.0,316.098999,312.0,315.0,306.633484,9291.0
2013-08-15,312.0,319.100006,312.0,319.0,310.527283,50822.0
2013-08-16,314.0,322.799988,314.0,322.0,313.447601,50714.0
2013-08-19,323.700012,330.0,322.0,330.0,321.235107,254764.0
2013-08-20,325.0,348.5,322.720001,348.5,339.243774,189096.0
2013-08-21,340.0,360.0,340.0,359.0,349.464874,176802.0
2013-08-22,350.0,359.472992,349.0,350.0,340.703888,57794.0
2013-08-23,347.0,350.0,331.0,331.0,322.208557,326328.0
2013-08-27,331.0,344.200012,331.0,335.200012,326.297028,62099.0
2013-08-28,330.0,330.0,320.0,324.0,315.39447,68567.0
2013-08-29,317.200012,330.200012,317.136993,329.0,320.261688,130463.0
2013-08-30,329.0,332.700012,323.0,325.100006,316.465271,41262.0
2013-09-02,332.899994,333.0,327.0,328.399994,319.677582,279778.0
2013-09-03,323.0,330.0,323.0,329.0,320.261688,6023.0
2013-09-04,329.5,329.799988,326.0,328.899994,320.164307,25677.0
2013-09-05,323.0,324.0,312.059998,323.0,314.421051,114665.0
2013-09-06,317.0,322.5,313.087006,314.899994,306.536163,261945.0
2013-09-09,313.0,316.399994,313.0,315.899994,307.509613,59410.0
2013-09-10,315.5,316.5,315.5,315.700012,307.314941,23453.0
2013-09-11,312.0,316.0,312.0,314.0,305.660095,25056.0
2013-09-12,314.0,316.0,314.0,315.0,306.633484,10263.0
2013-09-13,312.0,315.100006,312.0,314.299988,305.952118,6301.0
2013-09-16,316.0,325.0,315.0,320.100006,311.598053,136074.0
2013-09-17,317.0,324.0,317.0,320.0,311.500732,47550.0
2013-09-18,321.100006,326.899994,320.299988,321.0,312.474152,29022.0
2013-09-19,330.0,330.0,308.299988,318.5,310.040558,84801.0
2013-09-20,320.0,321.200012,318.0,318.5,310.040558,63434.0
2013-09-23,320.0,323.0,311.5,315.5,307.120209,128584.0
2013-09-24,315.700012,326.5,315.5,326.399994,317.730713,95635.0
2013-09-25,327.0,333.299988,326.5,329.399994,320.651031,20211.0
2013-09-26,333.899994,333.899994,324.5,324.5,315.881195,16654.0
2013-09-27,325.200012,329.799988,325.200012,328.0,319.288269,24586.0
2013-09-30,332.0,332.0,325.5,326.899994,318.217438,23605.0
2013-10-01,324.0,330.0,324.0,327.0,318.314819,11437.0
2013-10-02,330.0,330.0,327.0,329.100006,320.359009,6917.0
2013-10-03,322.0,330.0,322.0,328.5,319.774933,69240.0
2013-10-04,328.0,328.0,326.5,326.5,317.828064,14794.0
2013-10-07,325.0,343.600006,325.0,330.0,321.235107,55557.0
2013-10-08,330.0,332.0,329.0,329.0,320.261688,51555.0
2013-10-09,329.5,329.5,327.0,327.5,318.801544,37965.0
2013-10-10,327.5,328.200012,327.0,327.0,318.314819,24555.0
2013-10-11,326.899994,327.0,324.304993,325.0,316.36792,32075.0
2013-10-14,323.0,329.600006,323.0,326.0,317.34137,44367.0
2013-10-15,331.700012,333.0,325.0,330.0,321.235107,77729.0
2013-10-16,333.0,340.200012,332.899994,335.0,326.102325,22715.0
2013-10-17,334.200012,338.5,330.0,338.5,329.509369,47877.0
2013-10-18,336.399994,340.0,333.299988,338.299988,329.314636,19895.0
2013-10-21,340.0,371.0,339.5,350.0,340.703888,163429.0
2013-10-22,358.200012,358.200012,345.0,355.0,345.571106,132832.0
2013-10-23,348.700012,368.399994,345.0,360.899994,351.314392,101973.0
2013-10-24,360.799988,370.450012,359.0,361.0,351.411743,45778.0
2013-10-25,359.299988,359.299988,346.0,355.0,345.571106,23461.0
2013-10-28,349.0,359.540009,347.936005,355.0,345.571106,31442.0
2013-10-29,360.0,373.600006,351.5,367.0,357.252411,77737.0
2013-10-30,360.899994,371.399994,348.100006,368.0,358.22583,63189.0
2013-10-31,358.399994,368.0,358.399994,362.299988,352.677216,21595.0
2013-11-01,362.0,363.51001,351.609009,361.700012,352.09317,19868.0
2013-11-04,363.0,364.0,350.395996,356.799988,347.323273,22925.0
2013-11-05,358.5,363.0,357.0,358.5,348.978119,8496.0
2013-11-06,360.0,362.0,356.100006,358.5,348.978119,9030.0
2013-11-07,359.0,359.209991,352.299988,355.0,345.571106,10639.0
2013-11-08,352.100006,358.5,352.100006,357.200012,347.712708,8629.0
2013-11-11,352.100006,353.700012,347.200012,353.700012,344.305634,7410.0
2013-11-12,347.0,380.600006,347.0,367.600006,357.836456,32804.0
2013-11-13,365.5,369.01001,342.899994,346.299988,337.102203,31154.0
2013-11-14,352.0,367.0,352.0,363.200012,353.553345,17901.0
2013-11-15,370.0,374.770996,359.579987,372.0,362.119568,21382.0
2013-11-18,370.100006,375.5,360.5,370.0,360.172668,61271.0
2013-11-19,369.600006,376.5,369.600006,370.0,360.172668,54283.0
2013-11-20,369.799988,380.0,369.470001,380.0,369.907104,19927.0
2013-11-21,380.0,391.399994,380.0,387.0,376.721222,21726.0
2013-11-22,383.0,403.200012,380.0,397.0,386.455597,29933.0
2013-11-25,396.799988,407.119995,382.899994,390.0,379.64151,93689.0
2013-11-26,390.0,397.5,373.899994,380.5,370.393829,40463.0
2013-11-27,384.399994,430.0,384.399994,420.0,408.844666,461403.0
2013-11-28,420.0,420.0,410.0,413.5,402.517334,182343.0
2013-11-29,415.0,419.600006,407.299988,407.299988,396.481995,141651.0
2013-12-02,416.200012,418.140015,395.399994,397.5,386.942291,38508.0
2013-12-03,400.0,410.0,400.0,410.0,399.110291,30592.0
2013-12-04,408.0,410.0,400.5,405.0,394.243103,15437.0
2013-12-05,400.0,404.5,394.899994,400.0,389.375885,77166.0
2013-12-06,399.899994,408.0,399.700012,408.0,397.163452,21018.0
2013-12-09,407.600006,409.399994,402.712006,408.0,397.163452,6853.0
2013-12-10,400.0,419.100006,400.0,418.0,406.897797,49902.0
2013-12-11,412.399994,417.299988,409.200012,414.100006,403.10144,34343.0
2013-12-12,413.0,435.0,410.899994,435.0,423.446289,48896.0
2013-12-13,435.0,445.899994,427.5,442.0,430.260376,49110.0
2013-12-16,440.0,440.0,432.149994,440.0,428.313507,62964.0
2013-12-17,440.0,440.0,430.0,440.0,428.313507,97845.0
2013-12-18,430.0,445.0,430.0,445.0,433.180695,131745.0
2013-12-19,445.0,445.0,438.200012,442.0,430.260376,91765.0
2013-12-20,442.0,450.0,435.399994,442.0,430.260376,150682.0
2013-12-23,445.0,450.0,440.5,449.5,437.561188,56270.0
2013-12-24,450.0,450.0,445.0,445.700012,433.862091,44729.0
2013-12-27,445.700012,450.0,441.700012,450.0,438.047852,51132.0
2013-12-30,450.0,450.0,442.0,450.0,438.047852,43784.0
2013-12-31,450.0,450.0,436.399994,438.100006,426.463959,49888.0
2014-01-02,438.100006,450.0,438.100006,448.899994,436.977112,65048.0
2014-01-03,440.0,449.899994,435.51001,449.899994,437.950531,106910.0
2014-01-06,436.5,442.799988,402.48999,436.5,424.906433,126998.0
2014-01-07,443.0,448.399994,435.0,443.5,431.720551,191851.0
2014-01-08,443.5,446.799988,434.334015,443.0,431.233795,72157.0
2014-01-09,440.0,450.0,440.0,449.0,437.074493,45919.0
2014-01-10,437.899994,450.0,436.671997,449.399994,437.463806,45491.0
2014-01-13,449.899994,455.0,445.320007,455.0,442.91507,318224.0
2014-01-14,443.0,460.0,443.0,455.0,442.91507,95924.0
2014-01-15,450.0,458.0,450.0,458.0,445.835388,23897.0
2014-01-16,450.0,465.0,450.0,456.899994,444.764618,22847.0
2014-01-17,455.0,470.0,455.0,468.100006,455.667114,15887.0
2014-01-20,465.0,505.5,465.0,497.899994,484.675629,85858.0
2014-01-21,494.0,494.0,485.200012,488.0,475.038605,36564.0
2014-01-22,490.5,490.5,468.399994,477.0,464.33078,71521.0
2014-01-23,480.0,482.799988,466.799988,480.0,467.251068,17024.0
2014-01-24,480.0,480.0,456.100006,459.0,446.808838,44753.0
2014-01-27,459.799988,491.979004,457.559998,474.0,461.410431,156651.0
2014-01-28,477.049988,480.0,465.0,480.0,467.251068,101487.0
2014-01-29,477.799988,481.109985,469.100006,475.0,462.38385,51439.0
2014-01-30,478.5,478.5,472.084015,476.0,463.3573,55318.0
2014-01-31,483.0,493.799988,478.0,488.100006,475.135956,71260.0
2014-02-03,494.0,494.0,475.0,480.0,467.251068,81303.0
2014-02-04,472.0,481.850006,472.0,479.0,466.277649,29005.0
2014-02-05,467.0,479.579987,467.0,473.700012,461.118408,30464.0
2014-02-06,479.0,479.100006,473.200012,479.0,466.277649,30612.0
2014-02-07,479.0,481.0,467.799988,475.700012,463.065308,50003.0
2014-02-10,470.600006,473.959991,467.0,470.0,457.516693,13892.0
2014-02-11,467.0,470.0,446.700012,460.899994,448.658386,28087.0
2014-02-12,446.899994,464.687012,446.899994,464.5,452.162781,67966.0
2014-02-13,451.5,474.075012,451.5,472.299988,459.755615,62316.0
2014-02-14,475.0,475.0,465.399994,471.0,458.490082,70108.0
2014-02-17,458.799988,470.399994,458.799988,470.100006,457.614044,36453.0
2014-02-18,458.299988,470.0,458.299988,460.0,447.782257,45402.0
2014-02-19,463.0,463.0,456.5,457.399994,445.251343,115610.0
2014-02-20,457.200012,464.0,455.299988,457.100006,444.95932,48750.0
2014-02-21,457.399994,460.700012,456.367004,457.0,444.861969,35463.0
2014-02-24,457.0,459.04599,440.402008,447.299988,435.419617,70562.0
2014-02-25,457.0,460.0,451.0,457.0,444.861969,133074.0
2014-02-26,457.0,460.0,444.600006,455.0,442.91507,82222.0
2014-02-27,453.600006,457.100006,447.600006,455.0,442.91507,40439.0
2014-02-28,455.0,466.299988,452.399994,465.0,452.649506,76711.0
2014-03-03,460.0,478.5,460.0,478.5,465.790894,83724.0
2014-03-04,479.0,495.0,470.799988,495.0,481.852661,131865.0
2014-03-05,485.0,521.0,483.285004,502.0,488.666779,70616.0
2014-03-06,517.0,529.0,500.0,529.0,514.949585,185324.0
2014-03-07,510.5,546.5,510.264008,534.0,519.816772,172335.0
2014-03-10,540.0,543.900024,529.5,538.0,523.710632,107752.0
2014-03-11,532.5,542.0,523.02002,540.0,525.65741,64544.0
2014-03-12,540.0,540.0,525.0,538.0,523.710632,112691.0
2014-03-13,536.5,539.5,521.5,534.5,520.303589,30622.0
2014-03-14,525.0,533.820007,504.25,524.0,510.082458,98240.0
2014-03-17,515.0,530.0,515.0,526.0,512.029297,68133.0
2014-03-18,526.0,530.0,524.140015,525.0,511.055847,62193.0
2014-03-19,530.0,530.0,521.5,530.0,515.923035,42509.0
2014-03-20,530.0,530.0,522.762024,530.0,515.923035,57151.0
2014-03-21,535.0,545.0,525.0,534.5,520.303589,471710.0
2014-03-24,540.0,540.0,523.5,536.0,521.763733,55652.0
2014-03-25,538.0,538.5,525.0,530.0,515.923035,28837.0
2014-03-26,520.0,533.5,487.089996,505.0,491.587097,195365.0
2014-03-27,510.0,522.880005,503.5,513.0,499.374603,20664.0
2014-03-28,518.5,519.580017,507.618011,515.0,501.321472,16994.0
2014-03-31,525.0,528.5,499.5,504.5,491.100372,60569.0
2014-04-01,495.0,520.0,492.5,520.0,506.18869,114803.0
2014-04-02,521.0,522.5,514.0,519.5,505.701935,48346.0
2014-04-03,505.5,518.0,504.0,504.0,490.613647,29169.0
2014-04-04,512.5,519.0,506.5,519.0,505.21521,46409.0
2014-04-07,511.0,519.0,507.0,511.0,497.427704,21146.0
2014-04-08,514.0,520.0,514.0,519.0,505.21521,91035.0
2014-04-09,520.0,520.0,510.0,519.0,505.21521,31132.0
2014-04-10,518.5,520.0,508.0,514.0,500.347992,58391.0
2014-04-11,500.0,514.5,466.380005,512.5,498.887878,57234.0
2014-04-14,503.5,512.820007,499.100006,499.100006,485.843781,122043.0
2014-04-15,514.0,514.0,499.100006,499.100006,485.843781,19025.0
2014-04-16,510.0,516.5,499.200012,500.5,487.206573,13671.0
2014-04-17,511.0,511.0,499.100006,499.100006,485.843781,9998.0
2014-04-22,499.100006,514.0,485.700012,498.700012,485.454407,37146.0
2014-04-23,502.0,502.0,473.0,480.0,467.251068,19266.0
2014-04-24,483.0,489.899994,473.799988,477.299988,464.622772,36580.0
2014-04-25,482.0,482.0,464.200012,464.200012,451.870758,55483.0
2014-04-28,469.700012,470.0,450.0,452.0,439.99472,150039.0
2014-04-29,464.600006,476.372009,424.410004,452.0,439.99472,115655.0
2014-04-30,445.899994,449.910004,435.0,440.0,428.313507,79040.0
2014-05-01,449.600006,451.700012,442.320007,448.0,436.101013,41797.0
2014-05-02,448.899994,462.600006,443.600006,445.200012,433.375397,24953.0
2014-05-06,445.200012,451.799988,437.100006,450.0,438.047852,113475.0
2014-05-07,452.5,458.0,450.0,453.600006,441.552307,25150.0
2014-05-08,453.700012,469.899994,453.0,460.0,447.782257,39846.0
2014-05-09,460.0,464.100006,450.0,454.0,441.94165,20874.0
2014-05-12,455.100006,471.899994,455.100006,460.899994,448.658386,31759.0
2014-05-13,462.0,472.75,461.100006,464.0,451.676056,19442.0
2014-05-14,464.100006,482.399994,464.100006,472.399994,459.852966,24516.0
2014-05-15,486.200012,486.200012,458.799988,469.0,456.543243,74222.0
2014-05-16,466.700012,470.0,450.600006,453.0,440.968201,54896.0
2014-05-19,450.5,460.600006,415.100006,441.0,429.286896,102509.0
2014-05-20,448.299988,471.200012,448.299988,459.0,446.808838,71561.0
2014-05-21,463.0,475.0,460.0,471.0,458.490082,93170.0
2014-05-22,470.0,495.0,470.0,476.0,463.3573,57456.0
2014-05-23,475.0,479.799988,470.0,474.200012,461.605133,31432.0
2014-05-27,474.200012,485.0,472.0,480.0,467.251068,25758.0
2014-05-28,483.0,492.799988,475.600006,490.0,481.398285,24374.0
2014-05-29,490.399994,496.756012,480.0,488.0,479.43338,70128.0
2014-05-30,490.0,490.0,473.799988,485.0,476.486053,69672.0
2014-06-02,488.0,505.0,488.0,500.0,491.222778,27896.0
2014-06-03,499.899994,504.880005,489.0,489.0,480.415833,92856.0
2014-06-04,490.0,493.799988,487.5,489.0,480.415833,18607.0
2014-06-05,492.600006,494.899994,470.899994,480.0,471.573853,46055.0
2014-06-06,485.899994,489.299988,480.73999,485.0,476.486053,14618.0
2014-06-09,481.600006,493.899994,479.799988,480.0,471.573853,32486.0
2014-06-10,475.0,489.899994,462.0,475.0,466.661621,56624.0
2014-06-11,480.0,480.630005,463.5,465.0,456.837158,49865.0
2014-06-12,463.700012,471.299988,459.399994,459.700012,451.630188,35588.0
2014-06-13,452.5,457.5,437.649994,441.799988,434.044403,36566.0
2014-06-16,453.0,453.0,441.0,441.0,433.258423,73475.0
2014-06-17,445.0,451.899994,441.0,445.600006,437.77771,32677.0
2014-06-18,450.399994,469.299988,447.200012,465.0,456.837158,44810.0
2014-06-19,456.0,481.0,456.0,465.0,456.837158,147815.0
2014-06-20,471.299988,485.0,459.100006,478.0,469.608948,123918.0
2014-06-23,467.100006,478.5,460.0,460.0,451.924957,53295.0
2014-06-24,465.0,465.524994,439.899994,445.600006,437.77771,139012.0
2014-06-25,450.0,466.200012,444.428009,459.5,451.433716,33212.0
2014-06-26,466.799988,489.799988,464.0,477.899994,469.510681,34156.0
2014-06-27,485.899994,505.5,461.899994,480.0,471.573853,34391.0
2014-06-30,489.100006,511.167999,479.700012,500.0,491.222778,100212.0
2014-07-01,492.399994,499.899994,484.799988,487.299988,478.745697,52465.0
2014-07-02,488.100006,491.200012,477.960999,478.0,469.608948,23976.0
2014-07-03,490.100006,490.100006,475.0,475.0,466.661621,24501.0
2014-07-04,475.0,476.299988,467.200012,467.5,459.293243,22563.0
2014-07-07,470.100006,472.600006,453.0,465.0,456.837158,26259.0
2014-07-08,464.299988,466.600006,461.0,464.0,455.854706,29722.0
2014-07-09,463.600006,465.100006,451.0,452.100006,444.163605,28750.0
2014-07-10,453.0,457.003998,441.0,441.0,433.258423,33873.0
2014-07-11,447.5,459.600006,441.424011,456.700012,448.682861,30695.0
2014-07-14,464.399994,469.339996,459.511993,462.0,453.889801,29501.0
2014-07-15,453.299988,466.600006,453.0,453.0,445.047821,23449.0
2014-07-16,470.0,470.0,453.0,455.0,447.012726,75259.0
2014-07-17,456.0,466.200012,449.399994,449.399994,441.511017,25755.0
2014-07-18,441.0,445.600006,440.0,441.799988,434.044403,38688.0
2014-07-21,440.0,453.846008,440.0,450.899994,442.98468,41598.0
2014-07-22,450.399994,456.299988,447.895996,452.0,444.065369,33280.0
2014-07-23,453.100006,466.299988,453.0,458.5,450.451263,33359.0
2014-07-24,459.0,468.399994,455.0,461.100006,453.005615,15789.0
2014-07-25,474.899994,474.899994,460.0,460.299988,452.219635,11212.0
2014-07-28,460.0,467.81601,454.5,455.0,447.012726,37677.0
2014-07-29,456.0,483.109985,456.0,470.399994,462.142365,33516.0
2014-07-30,472.799988,473.200012,468.5,469.0,460.766937,8764.0
2014-07-31,469.600006,473.912994,468.5,470.0,461.74939,41443.0
2014-08-01,470.100006,473.789001,453.399994,461.0,452.907349,39991.0
2014-08-04,463.0,480.0,461.899994,480.0,471.573853,43464.0
2014-08-05,480.0,480.899994,478.0,479.0,470.5914,35216.0
2014-08-06,475.0,480.0,475.0,479.0,470.5914,39265.0
2014-08-07,467.299988,481.0,467.299988,479.0,470.5914,19097.0
2014-08-08,467.700012,477.261993,462.0,475.0,466.661621,33608.0
2014-08-11,475.0,475.299988,468.799988,471.0,462.731812,37671.0
2014-08-12,476.5,477.299988,471.0,474.0,465.679169,7209.0
2014-08-13,475.0,480.0,473.0,477.5,469.117737,76883.0
2014-08-14,478.0,488.399994,477.0,480.0,471.573853,21544.0
2014-08-15,475.0,480.0,475.0,480.0,471.573853,24341.0
2014-08-18,480.0,480.0,474.100006,480.0,471.573853,17034.0
2014-08-19,480.0,490.0,474.200012,480.0,471.573853,111487.0
2014-08-20,478.200012,484.700012,472.450012,481.5,473.047485,26766.0
2014-08-21,471.600006,482.899994,471.600006,480.0,471.573853,60905.0
2014-08-22,482.0,483.5,474.135986,480.0,471.573853,41160.0
2014-08-26,480.0,502.480011,477.825989,490.0,481.398285,70764.0
2014-08-27,485.0,508.0,485.0,496.0,487.292969,71570.0
2014-08-28,490.0,500.654999,490.0,496.0,487.292969,23837.0
2014-08-29,497.0,499.100006,495.0,499.100006,490.338562,48032.0
2014-09-01,485.100006,499.604004,485.100006,497.899994,489.159576,6042.0
2014-09-02,490.100006,498.627014,489.570007,496.299988,487.587677,17823.0
2014-09-03,495.0,504.5,472.0,480.0,471.573853,39890.0
2014-09-04,480.0,480.0,472.0,475.0,466.661621,20300.0
2014-09-05,475.0,481.200012,468.100006,470.0,461.74939,28567.0
2014-09-08,482.0,482.0,452.0,455.5,447.503906,57238.0
2014-09-09,464.899994,469.100006,453.420013,457.5,449.468811,52746.0
2014-09-10,459.600006,466.799988,452.5,459.299988,451.237183,32391.0
2014-09-11,467.899994,470.0,459.700012,461.5,453.39856,526723.0
2014-09-12,460.0,479.0,459.605988,479.0,470.5914,40282.0
2014-09-15,456.799988,470.0,456.22699,460.0,451.924957,32800.0
2014-09-16,460.0,475.0,455.0,471.100006,462.830078,21317.0
2014-09-17,480.0,480.0,470.0,471.0,462.731812,24829.0
2014-09-18,473.100006,479.899994,470.899994,472.799988,464.500214,27047.0
2014-09-19,463.200012,485.0,463.200012,480.700012,472.261566,72991.0
2014-09-22,483.0,490.679993,477.899994,483.0,474.521149,26174.0
2014-09-23,480.0,481.899994,475.200012,477.700012,469.31424,21218.0
2014-09-24,488.799988,488.799988,468.200012,474.600006,466.268616,34521.0
2014-09-25,462.600006,477.899994,462.600006,470.399994,462.142365,16507.0
2014-09-26,461.0,478.299988,461.0,470.399994,462.142365,13510.0
2014-09-29,460.200012,479.899994,460.200012,466.5,458.310791,29610.0
2014-09-30,479.100006,479.100006,464.600006,477.0,468.626495,23602.0
2014-10-01,473.799988,475.899994,471.462006,473.200012,464.893219,135675.0
2014-10-02,480.0,480.0,464.399994,473.0,464.696716,69467.0
2014-10-03,474.0,480.0,471.100006,480.0,471.573853,34777.0
2014-10-06,480.0,491.5,477.674988,490.0,481.398285,12181.0
2014-10-07,490.0,499.5,485.0,499.5,490.731537,37559.0
2014-10-08,495.0,507.5,486.56601,501.0,492.2052,17991.0
2014-10-09,487.200012,498.899994,487.200012,496.0,487.292969,17863.0
2014-10-10,487.0,499.5,470.0,479.0,470.5914,159398.0
2014-10-13,480.0,483.502991,470.5,473.600006,465.286194,25547.0
2014-10-14,489.700012,489.899994,467.0,485.200012,476.682556,41631.0
2014-10-15,490.0,497.600006,477.76001,491.0,482.380707,38185.0
2014-10-16,500.0,500.0,467.0,476.0,467.644043,47030.0
2014-10-17,468.299988,490.0,468.299988,490.0,481.398285,43252.0
2014-10-20,473.700012,493.5,473.200012,480.0,471.573853,23460.0
2014-10-21,474.700012,488.139008,471.0,479.200012,470.787872,19533.0
2014-10-22,482.0,485.0,474.100006,485.0,476.486053,23157.0
2014-10-23,485.0,485.899994,470.165009,475.0,466.661621,44166.0
2014-10-24,479.0,488.899994,475.0,488.899994,480.317596,11338.0
2014-10-27,485.0,492.899994,481.899994,481.899994,473.44046,32900.0
2014-10-28,482.0,497.799988,481.980011,494.899994,486.21228,16137.0
2014-10-29,495.0,495.0,480.420013,487.899994,479.335144,24533.0
2014-10-30,480.0,495.0,480.0,495.0,486.310547,21240.0
2014-10-31,489.799988,495.0,489.799988,495.0,486.310547,26207.0
2014-11-03,503.0,510.0,487.299988,487.299988,478.745697,40628.0
2014-11-04,495.0,518.0,495.0,514.5,505.468201,31007.0
2014-11-05,500.0,509.720001,485.600006,500.0,491.222778,43345.0
2014-11-06,499.799988,507.5,490.0,490.0,481.398285,347330.0
2014-11-07,498.0,505.0,490.0,490.0,481.398285,14847.0
2014-11-10,495.200012,503.971008,490.0,491.399994,482.773712,9754.0
2014-11-11,490.0,502.0,485.0,490.0,481.398285,26180.0
2014-11-12,490.0,497.380005,462.0,477.0,468.626495,43939.0
2014-11-13,470.100006,486.100006,470.100006,477.0,468.626495,15032.0
2014-11-14,470.100006,475.5,470.100006,475.399994,467.054596,14715.0
2014-11-17,470.0,479.200012,470.0,474.799988,466.465088,16635.0
2014-11-18,474.799988,480.0,470.0,480.0,471.573853,24344.0
2014-11-19,480.299988,480.299988,471.0,472.0,463.714264,1161711.0
2014-11-20,470.0,471.088013,461.799988,463.5,455.363464,23934.0
2014-11-21,460.299988,468.496002,460.299988,466.0,457.81958,21252.0
2014-11-24,464.0,469.100006,459.64801,461.600006,453.496857,116912.0
2014-11-25,474.299988,478.600006,457.100006,471.399994,463.124786,382726.0
2014-11-26,474.899994,475.0,468.160004,471.200012,462.928314,262338.0
2014-11-27,470.200012,480.399994,470.200012,478.0,469.608948,37263.0
2014-11-28,467.0,488.100006,467.0,474.5,466.17041,45720.0
2014-12-01,478.0,478.0,467.299988,472.0,463.714264,27071.0
2014-12-02,474.799988,477.899994,471.519989,474.5,466.17041,66390.0
2014-12-03,488.0,488.0,468.0,470.0,461.74939,26039.0
2014-12-04,467.0,485.100006,467.0,470.0,461.74939,24865.0
2014-12-05,483.200012,488.600006,471.100006,488.600006,480.022858,5336.0
2014-12-08,483.600006,487.100006,470.200012,485.0,476.486053,14588.0
2014-12-09,482.0,489.899994,475.0,486.0,477.468475,28877.0
2014-12-10,490.0,490.0,473.200012,475.799988,467.44754,75327.0
2014-12-11,475.399994,485.0,475.0,485.0,476.486053,5904.0
2014-12-12,480.0,482.700012,475.0,475.0,466.661621,10122.0
2014-12-15,471.299988,479.710999,468.0,468.0,459.784485,7592.0
2014-12-16,470.0,475.899994,460.0,470.0,461.74939,428862.0
2014-12-17,457.100006,461.299988,438.269989,445.5,437.679443,22705.0
2014-12-18,457.899994,473.299988,452.399994,469.0,460.766937,39467.0
2014-12-19,467.799988,484.100006,467.790009,475.0,466.661621,71072.0
2014-12-22,473.100006,489.700012,473.100006,475.100006,466.759857,25358.0
2014-12-23,480.0,486.335999,476.299988,479.5,471.082642,9442.0
2014-12-24,489.100006,489.100006,465.0,465.0,456.837158,9264.0
2014-12-29,465.0,474.700012,458.100006,462.799988,454.675751,11316.0
2014-12-30,455.0,461.0,455.0,460.0,451.924957,21209.0
2014-12-31,450.0,465.0,447.100006,460.0,451.924957,6012.0
2015-01-02,460.0,463.656006,450.0,457.0,448.9776,30555.0
2015-01-05,457.0,460.0,453.0,459.899994,451.82666,18719.0
2015-01-06,460.0,460.0,449.0,460.0,451.924957,30060.0
2015-01-07,460.0,479.799988,457.399994,471.5,463.223053,23020.0
2015-01-08,479.700012,503.0,474.056,503.0,494.170074,26148.0
2015-01-09,495.0,503.0,485.100006,487.200012,478.647461,18368.0
2015-01-12,490.0,501.0,490.0,500.0,491.222778,29726.0
2015-01-13,503.0,510.519989,496.0,499.0,490.240326,42542.0
2015-01-14,496.0,512.679993,496.0,502.0,493.187622,33810.0
2015-01-15,500.0,501.0,490.0,490.0,481.398285,43817.0
2015-01-16,490.0,499.799988,470.0,470.0,461.74939,48258.0
2015-01-19,472.200012,485.0,470.0,471.899994,463.616028,22880.0
2015-01-20,474.399994,490.0,455.5,465.0,456.837158,24411.0
2015-01-21,470.0,480.536011,462.100006,475.0,466.661621,11774.0
2015-01-22,485.0,508.0,476.820007,508.0,499.082306,38679.0
2015-01-23,500.0,506.0,489.600006,494.799988,486.114014,26361.0
2015-01-26,495.100006,496.748993,476.0,479.0,470.5914,27989.0
2015-01-27,490.0,502.0,485.0,500.0,491.222778,58942.0
2015-01-28,496.0,510.5,496.0,510.5,501.538422,20197.0
2015-01-29,513.0,514.5,506.5,509.5,500.555969,82395.0
2015-01-30,498.0,510.0,498.0,507.5,498.591064,42251.0
2015-02-02,508.0,515.0,501.0,508.0,499.082306,98156.0
2015-02-03,500.0,507.5,496.100006,503.0,494.170074,30650.0
2015-02-04,495.0,504.0,495.0,500.0,491.222778,17505.0
2015-02-05,495.0,508.0,495.0,508.0,499.082306,23666.0
2015-02-06,505.5,510.0,500.0,510.0,501.047211,12607.0
2015-02-09,510.0,513.0,504.0,511.0,502.029633,8548.0
2015-02-10,508.0,520.690002,505.524994,511.0,502.029633,48755.0
2015-02-11,485.5,509.0,475.0,508.0,499.082306,71964.0
2015-02-12,508.0,508.0,500.0,505.0,496.134979,40163.0
2015-02-13,507.0,508.0,500.5,505.0,496.134979,25733.0
2015-02-16,508.0,522.0,504.5,508.0,499.082306,164156.0
2015-02-17,510.0,512.5,500.0,508.0,499.082306,37876.0
2015-02-18,500.5,508.0,500.5,508.0,499.082306,67217.0
2015-02-19,508.0,512.0,507.0,512.0,503.012085,40435.0
2015-02-20,507.0,512.0,498.140015,509.5,500.555969,12584.0
2015-02-23,511.5,511.5,506.0,508.0,499.082306,29238.0
2015-02-24,496.299988,533.0,496.299988,520.0,510.871613,139287.0
2015-02-25,515.0,575.0,515.0,557.0,547.222107,213970.0
2015-02-26,568.0,571.559998,545.0,571.0,560.976379,92447.0
2015-02-27,570.5,588.0,560.780029,587.0,576.695557,75102.0
2015-03-02,584.5,586.5,576.0,585.5,575.221863,48268.0
2015-03-03,590.0,596.0,581.340027,592.5,582.098938,45608.0
2015-03-04,580.5,603.450012,580.5,593.0,582.59021,79338.0
2015-03-05,604.5,612.5,589.0,607.5,596.835693,52490.0
2015-03-06,604.0,612.5,603.002991,612.5,601.747864,35143.0
2015-03-09,600.0,636.0,598.5,630.0,618.940674,62751.0
2015-03-10,640.0,662.349976,625.0,645.5,634.168579,70127.0
2015-03-11,632.5,640.75,632.25,640.0,628.765076,46894.0
2015-03-12,625.0,650.0,625.0,648.0,636.624695,28218.0
2015-03-13,650.0,670.0,636.0,642.5,631.221252,39663.0
2015-03-16,642.0,654.5,635.0,643.0,631.712402,69144.0
2015-03-17,642.0,647.0,639.5,643.5,632.203674,14795.0
2015-03-18,650.5,664.0,649.5,650.0,638.589539,49028.0
2015-03-19,652.5,652.5,642.080017,648.0,636.624695,15844.0
2015-03-20,656.5,656.5,643.0,646.0,634.65979,59569.0
2015-03-23,653.0,653.0,645.492981,649.5,638.098328,37497.0
2015-03-24,656.5,661.609009,650.5,655.0,643.50177,51524.0
2015-03-25,662.0,662.0,649.0,650.0,638.589539,65200.0
2015-03-26,645.5,650.0,640.5,648.0,636.624695,72324.0
2015-03-27,640.0,649.0,637.900024,644.5,633.186157,25039.0
2015-03-30,660.0,676.0,633.450012,675.0,663.150757,71213.0
2015-03-31,674.0,674.0,653.0,664.5,652.835022,34353.0
2015-04-01,666.0,666.0,632.888,638.0,626.800232,67043.0
2015-04-02,655.0,655.0,635.0,651.0,639.57196,45266.0
2015-04-07,651.0,671.0,647.0,665.0,653.326294,71059.0
2015-04-08,667.0,698.0,661.0,695.5,683.290894,58018.0
2015-04-09,685.0,698.349976,656.190002,674.5,662.659485,141735.0
2015-04-10,665.0,680.130005,665.0,676.0,664.133118,44186.0
2015-04-13,685.0,692.0,672.0,691.0,678.869812,70132.0
2015-04-14,704.5,704.5,669.5,688.0,675.922485,53615.0
2015-04-15,690.0,718.0,670.619995,705.5,693.115295,96763.0
2015-04-16,700.0,747.0,699.5,726.0,713.255432,88083.0
2015-04-17,715.0,723.0,673.78302,689.0,676.904968,68225.0
2015-04-20,689.0,689.0,675.0,679.5,667.571716,67904.0
2015-04-21,665.0,681.77002,665.0,669.5,657.747192,48816.0
2015-04-22,675.0,680.0,659.25,675.0,663.150757,37641.0
2015-04-23,658.0,680.77002,658.0,677.0,665.115601,31960.0
2015-04-24,658.5,678.5,658.5,674.5,662.659485,14391.0
2015-04-27,659.5,681.5,657.0,676.0,664.133118,45413.0
2015-04-28,685.0,685.0,632.882019,664.0,652.343811,58187.0
2015-04-29,678.0,710.5,676.5,710.5,698.027466,76538.0
2015-04-30,718.0,765.0,704.0,762.0,748.623413,46137.0
2015-05-01,771.5,771.5,750.5,767.0,753.535706,9501.0
2015-05-05,767.0,780.0,752.679993,777.5,763.85144,78968.0
2015-05-06,779.5,780.0,756.0,760.0,746.658508,37829.0
2015-05-07,750.0,774.0,750.0,761.0,747.640991,67192.0
2015-05-08,777.0,818.5,765.5,817.0,802.657959,130558.0
2015-05-11,820.0,869.5,815.0,860.0,844.903137,97784.0
2015-05-12,856.0,860.5,813.866028,844.5,829.675232,105567.0
2015-05-13,827.5,880.0,827.5,875.0,859.639832,71980.0
2015-05-14,865.0,880.070007,858.0,871.5,856.201233,78145.0
2015-05-15,858.5,879.359985,858.5,874.0,858.657349,38048.0
2015-05-18,875.0,875.0,849.880005,854.0,839.008423,33782.0
2015-05-19,852.5,860.0,843.299988,847.0,832.131348,70920.0
2015-05-20,860.0,860.0,825.669983,838.0,823.289368,52194.0
2015-05-21,825.0,855.0,825.0,830.5,815.920959,33183.0
2015-05-22,851.0,851.0,826.049988,839.5,824.763,14581.0
2015-05-26,839.5,840.0,825.5,827.0,812.482422,34496.0
2015-05-27,840.0,840.0,804.799988,811.5,797.254517,30693.0
2015-05-28,796.5,805.5,790.0,795.0,786.276306,53861.0
2015-05-29,800.0,800.0,760.5,760.5,752.154907,84603.0
2015-06-01,762.5,775.0,762.5,764.5,756.110962,33050.0
2015-06-02,787.0,797.280029,760.0,790.0,781.331177,92057.0
2015-06-03,800.0,800.0,784.0,790.0,781.331177,146453.0
2015-06-04,800.0,800.0,780.0,780.0,771.440857,25594.0
2015-06-05,781.0,792.5,772.799988,780.0,771.440857,35658.0
2015-06-08,781.5,789.0,771.5,781.5,772.924438,12190.0
2015-06-09,767.0,793.099976,765.0,786.0,777.375061,123082.0
2015-06-10,789.0,796.630005,775.5,785.0,776.386047,63690.0
2015-06-11,776.5,785.0,772.200012,785.0,776.386047,19462.0
2015-06-12,787.5,794.599976,770.5,780.5,771.935425,18938.0
2015-06-15,790.0,802.5,780.0,780.0,771.440857,182937.0
2015-06-16,782.0,800.0,781.0,790.0,781.331177,439383.0
2015-06-17,808.5,815.0,793.0,800.0,791.221375,347343.0
2015-06-18,797.5,829.5,795.0,829.5,820.397766,169451.0
2015-06-19,837.5,838.659973,808.5,815.0,806.056824,186984.0
2015-06-22,833.5,833.5,804.0,815.0,806.056824,40900.0
2015-06-23,815.0,815.0,791.5,808.0,799.133667,77190.0
2015-06-24,809.0,809.0,789.5,800.0,791.221375,41451.0
2015-06-25,785.0,798.5,785.0,790.0,781.331177,98981.0
2015-06-26,795.0,795.0,792.5,795.0,786.276306,27231.0
2015-06-29,782.5,795.0,782.5,795.0,786.276306,43781.0
2015-06-30,780.0,795.0,780.0,795.0,786.276306,52335.0
2015-07-01,780.0,813.5,780.0,800.0,791.221375,30303.0
2015-07-02,782.0,827.5,782.0,814.0,805.06781,54482.0
2015-07-03,813.0,822.380005,810.0,813.0,804.078796,7287.0
2015-07-06,830.5,830.5,793.450012,795.0,786.276306,99028.0
2015-07-07,815.0,815.0,798.494019,800.0,791.221375,26807.0
2015-07-08,807.5,807.5,797.5,799.0,790.232422,23771.0
2015-07-09,800.0,801.0,798.5,799.0,790.232422,12612.0
2015-07-10,802.0,812.5,794.0,800.0,791.221375,43403.0
2015-07-13,815.0,815.0,787.799988,800.0,791.221375,24091.0
2015-07-14,815.0,815.0,800.0,800.0,791.221375,17570.0
2015-07-15,780.0,804.0,780.0,796.0,787.26532,23934.0
2015-07-16,797.5,801.0,797.5,800.5,791.715942,92522.0
2015-07-17,801.0,802.5,799.5,801.0,792.210449,28106.0
2015-07-20,799.0,849.0,799.0,825.0,815.947083,72207.0
2015-07-21,835.0,883.0,830.0,854.5,845.123413,222468.0
2015-07-22,860.0,860.0,829.5,841.5,832.266052,110549.0
2015-07-23,850.0,860.0,846.664978,848.0,838.694702,18398.0
2015-07-24,848.0,850.5,829.5,833.0,823.859314,21070.0
2015-07-27,815.0,844.653015,815.0,833.0,823.859314,23314.0
2015-07-28,854.5,883.263977,847.5,871.0,861.442383,85185.0
2015-07-29,873.0,909.33197,871.5,889.0,879.244812,102744.0
2015-07-30,889.0,906.5,862.445984,881.5,871.827148,125754.0
2015-07-31,891.0,909.5,879.0,879.0,869.354553,29872.0
2015-08-03,870.0,886.380005,870.0,877.0,867.376465,11604.0
2015-08-04,870.0,888.900024,870.0,882.0,872.321655,17862.0
2015-08-05,898.0,898.0,872.5,881.5,871.827148,30363.0
2015-08-06,880.0,889.5,844.599976,889.5,879.739319,62210.0
2015-08-07,862.5,866.554993,843.0,853.0,843.639832,32714.0
2015-08-10,830.0,868.0,830.0,868.0,858.475281,22560.0
2015-08-11,846.0,880.0,843.5,877.0,867.376465,67915.0
2015-08-12,857.0,870.0,810.525024,830.0,820.892212,42316.0
2015-08-13,820.0,838.630005,820.0,823.5,814.463562,29348.0
2015-08-14,844.0,846.130005,759.340027,786.5,777.869629,65735.0
2015-08-17,800.0,800.0,756.669983,757.5,749.187805,44852.0
2015-08-18,765.5,782.0,753.700012,768.5,760.067078,62914.0
2015-08-19,760.0,785.893982,760.0,760.0,751.660339,22996.0
2015-08-20,794.5,795.0,754.5,764.0,755.616455,66070.0
2015-08-21,750.5,779.0,745.0,759.0,750.671326,56894.0
2015-08-24,739.0,746.0,693.299988,700.0,692.318787,114525.0
2015-08-25,695.5,747.0,695.5,724.0,716.05542,120896.0
2015-08-26,724.5,738.559998,717.919983,727.5,719.516968,70013.0
2015-08-27,745.0,773.5,735.0,758.0,749.682312,194686.0
2015-08-28,755.5,760.0,750.0,757.0,748.693237,76367.0
2015-09-01,757.0,765.52002,745.0,750.0,741.770142,54246.0
2015-09-02,769.5,769.5,727.0,740.0,731.879822,55387.0
2015-09-03,725.0,755.119995,725.0,745.5,737.319458,51164.0
2015-09-04,760.0,766.5,746.5,759.5,751.165894,16971.0
2015-09-07,776.5,776.5,753.5,760.5,752.154907,26557.0
2015-09-08,780.0,780.0,753.5,766.0,757.594543,37598.0
2015-09-09,750.0,775.0,750.0,775.0,766.495789,26324.0
2015-09-10,753.0,764.0,742.0,760.0,751.660339,27090.0
2015-09-11,761.0,763.5,736.950012,760.0,751.660339,41867.0
2015-09-14,740.0,764.5,740.0,759.5,751.165894,42124.0
2015-09-15,759.5,763.0,750.5,760.0,751.660339,33267.0
2015-09-16,760.0,770.0,752.0,765.0,756.605469,34030.0
2015-09-17,772.0,773.5,760.0,762.0,753.638428,22707.0
2015-09-18,780.0,780.0,757.5,766.5,758.088989,57176.0
2015-09-21,780.0,808.0,768.0,808.0,799.133667,80795.0
2015-09-22,810.0,821.0,794.0,820.0,811.002014,50265.0
2015-09-23,795.0,834.0,795.0,821.0,811.991028,34019.0
2015-09-24,840.0,840.0,800.080017,819.0,810.012939,27637.0
2015-09-25,816.5,835.5,815.960022,835.5,826.331848,21812.0
2015-09-28,820.0,841.617981,810.5,819.5,810.507446,31565.0
2015-09-29,800.0,830.0,800.0,827.5,818.419678,30755.0
2015-09-30,835.0,839.525024,819.5,833.0,823.859314,49441.0
2015-10-01,844.5,853.799988,838.5,850.0,840.672729,42536.0
2015-10-02,855.0,855.0,825.5,842.0,832.760559,23070.0
2015-10-05,828.5,865.0,828.5,857.5,848.090515,91376.0
2015-10-06,865.0,865.0,845.0,860.0,850.563049,29578.0
2015-10-07,864.5,895.0,827.0,830.0,820.892212,784844.0
2015-10-08,845.0,865.0,831.0,831.0,821.881226,51755.0
2015-10-09,854.5,854.5,801.0,806.5,797.650146,53116.0
2015-10-12,794.0,823.0,794.0,813.5,804.573242,45456.0
2015-10-13,820.0,824.0,804.0,808.5,799.628174,13160.0
2015-10-14,842.5,842.5,795.0,796.0,787.26532,31374.0
2015-10-15,779.5,812.5,779.5,812.5,803.584229,36752.0
2015-10-16,810.0,814.5,731.0,731.0,722.978577,60158.0
2015-10-19,735.0,783.559998,735.0,770.0,761.550659,88231.0
2015-10-20,793.0,801.5,781.5,781.5,772.924438,41684.0
2015-10-21,780.5,801.5,780.0,780.5,771.935425,26216.0
2015-10-22,775.0,801.0,775.0,775.0,766.495789,38034.0
2015-10-23,775.0,782.0,770.0,775.0,766.495789,78206.0
2015-10-26,780.5,793.859985,775.0,778.5,769.957336,51001.0
2015-10-27,800.5,800.5,775.0,778.0,769.46283,12397.0
2015-10-28,800.0,800.0,775.5,775.5,766.990295,23664.0
2015-10-29,783.5,783.5,732.25,761.0,752.649353,116617.0
2015-10-30,770.0,770.0,762.0,762.0,753.638428,29652.0
2015-11-02,760.0,769.51001,758.849976,765.0,756.605469,63072.0
2015-11-03,780.0,780.0,765.0,769.5,761.056091,38655.0
2015-11-04,780.0,780.0,767.0,770.5,762.045105,46236.0
2015-11-05,746.0,779.5,746.0,755.5,747.209778,32002.0
2015-11-06,745.0,773.5,745.0,767.0,758.583557,31354.0
2015-11-09,751.0,773.0,748.580017,755.0,746.71521,38331.0
2015-11-10,770.0,770.0,755.5,755.5,747.209778,12862.0
2015-11-11,767.0,774.440002,755.0,755.0,746.71521,13621.0
2015-11-12,764.0,764.0,755.0,755.0,746.71521,89046.0
2015-11-13,763.5,766.0,755.0,759.0,750.671326,17348.0
2015-11-16,760.0,774.900024,755.112976,762.5,754.132935,25491.0
2015-11-17,787.0,787.0,764.0,764.0,755.616455,35479.0
2015-11-18,784.5,784.5,764.5,767.0,758.583557,32016.0
2015-11-19,767.0,770.0,755.0,762.5,754.132935,51707.0
2015-11-20,782.5,782.5,760.5,761.0,752.649353,37646.0
2015-11-23,781.5,781.5,760.0,763.5,755.122009,25216.0
2015-11-24,783.5,814.0,768.872986,810.0,801.111694,114683.0
2015-11-25,812.0,897.0,812.0,889.5,879.739319,149904.0
2015-11-26,892.5,897.320007,865.0,892.0,882.211914,76296.0
2015-11-27,868.0,899.0,865.0,880.0,870.343567,41762.0
2015-11-30,898.5,899.0,872.700012,895.0,885.178955,54712.0
2015-12-01,875.0,893.5,875.0,890.5,880.728333,40692.0
2015-12-02,895.0,900.0,890.0,900.0,890.124084,21893.0
2015-12-03,900.0,908.5,890.5,891.5,881.717346,43868.0
2015-12-04,900.0,927.0,890.5,927.0,916.82782,42587.0
2015-12-07,926.5,934.5,913.0,934.5,924.245544,82859.0
2015-12-08,934.0,934.0,908.234985,920.0,909.904602,83855.0
2015-12-09,915.0,919.0,904.5,904.5,894.574768,25544.0
2015-12-10,906.5,916.73999,905.0,907.0,897.047302,30860.0
2015-12-11,900.0,909.0,900.0,907.0,897.047302,27677.0
2015-12-14,908.0,915.0,904.5,911.5,901.497925,25434.0
2015-12-15,900.5,905.0,899.5,900.0,890.124084,34042.0
2015-12-16,900.0,900.0,881.400024,883.0,873.310669,25240.0
2015-12-17,880.0,898.5,880.0,898.5,888.640564,25839.0
2015-12-18,880.0,900.0,880.0,900.0,890.124084,67119.0
2015-12-21,900.0,902.421021,890.0,890.0,880.233887,70489.0
2015-12-22,880.5,894.960022,880.0,890.0,880.233887,28999.0
2015-12-23,904.0,904.0,886.0,886.0,876.277771,22232.0
2015-12-24,880.0,900.0,880.0,892.0,882.211914,24825.0
2015-12-29,892.0,914.5,880.0,885.5,875.783203,39667.0
2015-12-30,901.5,909.200012,857.5,857.5,848.090515,27779.0
2015-12-31,865.0,865.0,840.0,840.5,831.276978,34423.0
2016-01-04,840.5,858.0,837.0,848.0,838.694702,78618.0
2016-01-05,840.0,865.974976,840.0,863.0,853.530151,20667.0
2016-01-06,865.0,870.0,850.0,851.0,841.661804,36010.0
2016-01-07,835.0,857.0,835.0,853.0,843.639832,73268.0
2016-01-08,855.0,855.0,836.5,839.5,830.287964,39978.0
2016-01-11,855.0,855.0,819.799988,830.0,820.892212,55005.0
2016-01-12,830.0,836.5,826.0,828.0,818.914185,29779.0
2016-01-13,848.5,848.5,800.776978,809.0,800.122681,35973.0
2016-01-14,830.0,830.0,794.565002,798.5,789.737915,92889.0
2016-01-15,823.0,823.0,789.25,796.0,787.26532,54657.0
2016-01-18,795.0,805.809998,765.0,770.0,761.550659,101221.0
2016-01-19,770.0,788.0,770.0,777.0,768.473816,53226.0
2016-01-20,779.0,779.0,741.0,750.0,741.770142,120557.0
2016-01-21,755.0,779.5,750.0,752.5,744.242676,51101.0
2016-01-22,774.5,789.5,765.5,785.0,776.386047,73710.0
2016-01-25,780.0,801.5,780.0,797.0,788.254395,55177.0
2016-01-26,800.0,844.5,784.5,844.5,835.233093,78427.0
2016-01-27,838.5,871.030029,838.5,869.5,859.958801,38363.0
2016-01-28,875.0,893.5,865.0,893.5,883.695435,36830.0
2016-01-29,869.0,969.0,869.0,969.0,958.366943,103689.0
2016-02-01,950.0,982.0,912.0,919.0,908.915588,213321.0
2016-02-02,920.0,940.656006,907.736023,912.0,901.992432,68851.0
2016-02-03,900.0,919.0,883.0,889.0,879.244812,76367.0
2016-02-04,884.0,895.97998,875.599976,879.5,869.84906,64849.0
2016-02-05,874.5,880.0,857.033997,865.0,855.508179,33456.0
2016-02-08,855.0,868.0,845.0,845.0,835.727661,99282.0
2016-02-09,845.5,853.0,833.5,833.5,824.353882,162173.0
2016-02-10,859.0,859.0,832.0,832.0,822.8703,65144.0
2016-02-11,845.0,845.0,815.5,815.5,806.551331,65960.0
2016-02-12,810.5,824.5,810.5,811.0,802.100708,83302.0
2016-02-15,837.0,841.0,802.5,838.0,828.804443,97970.0
2016-02-16,859.0,891.349976,810.0,812.0,803.089783,59139.0
2016-02-17,816.5,820.0,794.0,794.0,785.287292,200305.0
2016-02-18,815.0,815.0,793.419983,800.0,791.221375,120649.0
2016-02-19,790.0,810.809021,790.0,800.0,791.221375,156660.0
2016-02-22,785.0,805.0,785.0,794.0,785.287292,372019.0
2016-02-23,810.0,810.0,790.0,796.0,787.26532,77906.0
2016-02-24,805.0,813.5,799.0,810.0,801.111694,596574.0
2016-02-25,810.0,904.0,810.0,900.0,890.124084,650373.0
2016-02-26,920.0,921.900024,887.594971,890.0,880.233887,207624.0
2016-02-29,869.0,890.0,869.0,885.0,875.288696,174487.0
2016-03-01,908.5,908.5,867.539978,887.0,877.266785,146544.0
2016-03-02,888.0,892.0,882.5,889.5,879.739319,56780.0
2016-03-03,892.0,892.0,876.5,878.0,868.36554,330229.0
2016-03-04,884.5,884.5,864.0,869.0,859.464294,193648.0
2016-03-07,880.0,888.5,877.0,886.0,876.277771,167326.0
2016-03-08,878.0,912.5,878.0,908.5,898.530823,68978.0
2016-03-09,905.0,940.0,903.630005,936.0,925.729065,142472.0
2016-03-10,941.5,941.5,914.5,918.0,907.926636,136121.0
2016-03-11,916.0,916.0,892.5,909.0,899.02533,116586.0
2016-03-14,901.0,983.5,901.0,967.5,956.883423,245887.0
2016-03-15,967.0,972.0,949.5,951.5,941.059021,240366.0
2016-03-16,962.0,987.5,949.0,987.5,976.66394,215454.0
2016-03-17,990.0,1012.0,961.0,1012.0,1000.895142,141485.0
2016-03-18,1010.0,1070.0,1003.0,1045.0,1033.533081,307033.0
2016-03-21,1026.0,1052.0,1026.0,1052.0,1040.456177,137019.0
2016-03-22,1027.0,1068.650024,1027.0,1055.0,1043.423218,95946.0
2016-03-23,1035.0,1072.0,1035.0,1064.0,1052.324585,94660.0
2016-03-24,1057.0,1065.0,1037.0,1038.0,1026.609741,55290.0
2016-03-29,1038.0,1057.0,1021.700012,1057.0,1045.401245,51764.0
2016-03-30,1079.0,1079.0,1032.0,1033.0,1021.664673,240106.0
2016-03-31,1043.0,1064.819946,1039.0,1057.0,1045.401245,62511.0
2016-04-01,1043.0,1075.959961,1038.599976,1064.0,1052.324585,59753.0
2016-04-04,1074.0,1074.0,1064.0,1073.0,1061.225708,71395.0
2016-04-05,1058.0,1083.0,1058.0,1082.0,1070.126953,55784.0
2016-04-06,1071.0,1086.0,1071.0,1078.0,1066.170776,48625.0
2016-04-07,1099.0,1125.0,1078.0,1120.0,1107.710083,139110.0
2016-04-08,1144.0,1144.0,1111.0,1132.0,1119.578247,119435.0
2016-04-11,1127.0,1151.0,1119.619995,1151.0,1138.369751,108911.0
2016-04-12,1120.0,1197.0,1120.0,1172.0,1159.139404,474811.0
2016-04-13,1182.0,1194.0,1161.0,1175.0,1162.106445,133537.0
2016-04-14,1175.0,1175.0,1143.0,1156.0,1143.314941,120237.0
2016-04-15,1150.0,1169.0,1144.0,1155.0,1142.325928,152418.0
2016-04-18,1158.0,1158.0,1143.0,1143.0,1130.457642,57978.0
2016-04-19,1168.0,1168.0,1135.0,1135.0,1122.54541,49217.0
2016-04-20,1165.0,1165.0,1093.0,1101.0,1088.918457,114400.0
2016-04-21,1099.0,1107.0,1055.0,1062.0,1050.346436,147590.0
2016-04-22,1054.0,1080.0,1042.5,1060.0,1048.368408,38367.0
2016-04-25,1052.0,1086.0,1052.0,1081.0,1069.137939,52785.0
2016-04-26,1073.0,1084.400024,1054.0,1056.0,1044.412354,97029.0
2016-04-27,1071.0,1071.0,1050.0,1050.0,1038.478149,54650.0
2016-04-28,1050.0,1055.0,1027.459961,1047.0,1035.511108,77160.0
2016-04-29,1047.0,1050.0,1035.0,1047.0,1035.511108,40795.0
2016-05-03,1047.0,1059.599976,1043.0,1050.0,1038.478149,157891.0
2016-05-04,1047.0,1053.0,1022.0,1022.0,1010.785339,61774.0
2016-05-05,1003.0,1027.0,1003.0,1024.0,1012.763428,71154.0
2016-05-06,1052.0,1060.400024,1021.0,1021.0,1009.796326,35257.0
2016-05-09,1030.0,1047.0,1026.0,1029.0,1017.708557,48798.0
2016-05-10,1029.0,1040.0,1023.0,1035.0,1023.6427,70075.0
2016-05-11,1032.0,1041.0,1031.0,1040.0,1028.587891,103334.0
2016-05-12,1061.0,1061.0,1033.0,1042.0,1030.565918,69628.0
2016-05-13,1043.0,1057.0,996.929993,1033.0,1021.664673,52587.0
2016-05-16,1022.0,1046.0,1022.0,1036.0,1024.631714,25014.0
2016-05-17,1063.0,1064.0,1043.0,1052.0,1040.456177,44509.0
2016-05-18,1048.0,1066.0,1041.0,1050.0,1038.478149,79621.0
2016-05-19,1035.0,1073.0,1035.0,1045.0,1039.671997,91089.0
2016-05-20,1041.0,1064.0,1034.0,1045.0,1039.671997,70623.0
2016-05-23,1028.0,1074.0,1028.0,1074.0,1068.52417,54506.0
2016-05-24,1081.0,1099.0,1064.0,1099.0,1093.396606,45076.0
2016-05-25,1100.0,1112.0,1081.660034,1111.0,1105.335449,76802.0
2016-05-26,1133.0,1133.0,1111.0,1129.0,1123.243652,55682.0
2016-05-27,1131.0,1141.0,1129.0,1138.0,1132.197754,60681.0
2016-05-31,1138.0,1154.0,1134.0,1150.0,1144.136597,103117.0
2016-06-01,1168.0,1168.0,1130.0,1147.0,1141.151978,83349.0
2016-06-02,1140.0,1157.0,1125.0,1142.0,1136.177368,89124.0
2016-06-03,1137.0,1147.410034,1128.069946,1142.0,1136.177368,72544.0
2016-06-06,1162.0,1162.0,1127.0,1151.0,1145.131592,89145.0
2016-06-07,1155.0,1156.0,1146.150024,1150.0,1144.136597,65012.0
2016-06-08,1130.0,1154.0,1130.0,1150.0,1144.136597,57858.0
2016-06-09,1175.0,1175.0,1144.0,1152.0,1146.126465,48998.0
2016-06-10,1150.0,1157.0,1149.0,1154.0,1148.116211,70781.0
2016-06-13,1177.0,1177.0,1124.0,1133.0,1127.223267,100383.0
2016-06-14,1134.0,1137.280029,1113.0,1113.0,1107.325317,112519.0
2016-06-15,1144.0,1144.0,1066.829956,1095.0,1089.417114,80008.0
2016-06-16,1075.0,1083.0,1030.0,1050.0,1044.646484,163859.0
2016-06-17,1051.0,1094.0,1050.0,1094.0,1088.422119,333797.0
2016-06-20,1110.0,1150.0,1103.150024,1150.0,1144.136597,97554.0
2016-06-21,1170.0,1187.0,1141.0,1187.0,1180.947998,148879.0
2016-06-22,1183.0,1196.0,1176.0,1196.0,1189.9021,93594.0
2016-06-23,1211.0,1212.0,1179.0,1212.0,1205.820557,147993.0
2016-06-24,1176.0,1274.0,1139.0,1273.0,1266.509521,272593.0
2016-06-27,1245.0,1255.0,1140.699951,1175.0,1169.009155,198750.0
2016-06-28,1197.0,1221.0,1184.0,1202.0,1195.87146,147194.0
2016-06-29,1232.0,1271.0,1211.0,1271.0,1264.519653,101621.0
2016-06-30,1271.0,1318.0,1253.0,1295.0,1288.397339,104591.0
2016-07-01,1314.0,1314.0,1266.0,1302.0,1295.361694,56989.0
2016-07-04,1288.0,1304.0,1242.0,1245.0,1238.652222,143675.0
2016-07-05,1245.0,1277.0,1185.640015,1241.0,1234.672607,190240.0
2016-07-06,1237.0,1246.0,1200.0,1210.0,1203.830688,119062.0
2016-07-07,1221.0,1230.0,1210.0,1212.0,1205.820557,155037.0
2016-07-08,1188.0,1228.0,1188.0,1214.0,1207.810303,179067.0
2016-07-11,1229.0,1264.0,1221.0,1249.0,1242.631836,145415.0
2016-07-12,1240.0,1240.0,1079.140015,1120.0,1114.289551,630263.0
2016-07-13,1108.0,1190.0,1108.0,1147.0,1141.151978,410248.0
2016-07-14,1161.0,1161.810059,1124.219971,1130.0,1124.238647,132609.0
2016-07-15,1117.0,1120.0,1056.23999,1067.0,1061.559814,218723.0
2016-07-18,1085.0,1104.329956,1075.0,1090.0,1084.442505,136246.0
2016-07-19,1099.0,1099.0,1068.560059,1092.0,1086.432373,145920.0
2016-07-20,1090.0,1114.0,1090.0,1107.0,1101.355835,334081.0
2016-07-21,1116.0,1127.0,1087.939941,1118.0,1112.299805,182911.0
2016-07-22,1127.0,1127.0,1110.0,1115.0,1109.315063,68571.0
2016-07-25,1124.0,1132.0,1100.0,1115.0,1109.315063,130943.0
2016-07-26,1118.0,1128.0,1105.0,1115.0,1109.315063,80068.0
2016-07-27,1105.0,1138.0,1105.0,1118.0,1112.299805,77227.0
2016-07-28,1120.0,1134.0,1111.0,1117.0,1111.304932,81520.0
2016-07-29,1107.0,1111.0,1100.680054,1105.0,1099.366089,65300.0
2016-08-01,1113.0,1113.0,1095.290039,1102.0,1096.381348,87459.0
2016-08-02,1095.0,1127.0,1095.0,1119.0,1113.294678,66492.0
2016-08-03,1132.0,1132.0,1091.560059,1127.0,1121.253906,61348.0
2016-08-04,1138.0,1163.0,1116.0,1142.0,1136.177368,58814.0
2016-08-05,1148.0,1153.0,1133.0,1140.0,1134.187622,95991.0
2016-08-08,1149.0,1168.0,1145.0,1164.0,1158.065308,122952.0
2016-08-09,1169.0,1202.0,1160.0,1198.0,1191.891846,118228.0
2016-08-10,1208.0,1242.0,1193.0,1241.0,1234.672607,96137.0
2016-08-11,1225.0,1242.0,1209.0,1221.0,1214.774658,151829.0
2016-08-12,1203.0,1239.0,1203.0,1232.0,1225.718506,64559.0
2016-08-15,1261.0,1357.0,1239.060059,1288.0,1281.432983,168931.0
2016-08-16,1298.0,1335.0,1288.0,1330.0,1323.218872,193309.0
2016-08-17,1347.0,1347.0,1253.0,1264.0,1257.55542,138491.0
2016-08-18,1253.0,1277.0,1253.0,1271.0,1264.519653,79466.0
2016-08-19,1271.0,1299.0,1267.0,1283.0,1276.458496,47068.0
2016-08-22,1300.0,1311.0,1278.0,1294.0,1287.402466,73578.0
2016-08-23,1300.0,1300.0,1280.0,1288.0,1281.432983,67506.0
2016-08-24,1290.0,1300.0,1231.02002,1268.0,1261.535034,107727.0
2016-08-25,1260.0,1290.0,1248.0,1290.0,1283.422852,67892.0
2016-08-26,1289.0,1332.599976,1289.0,1326.0,1319.239258,88165.0
2016-08-30,1326.0,1365.719971,1297.0,1348.0,1341.127075,117711.0
2016-08-31,1333.0,1369.0,1333.0,1355.0,1348.091431,83159.0
2016-09-01,1355.0,1376.52002,1339.839966,1359.0,1352.071045,139314.0
2016-09-02,1356.0,1418.0,1356.0,1395.0,1387.887451,130713.0
2016-09-05,1391.0,1442.0,1383.959961,1425.0,1417.734497,72728.0
2016-09-06,1425.0,1512.0,1417.560059,1419.0,1411.765137,141811.0
2016-09-07,1416.0,1440.0,1401.0,1410.0,1402.811035,110113.0
2016-09-08,1414.0,1416.0,1342.0,1368.0,1361.025146,114045.0
2016-09-09,1376.0,1379.0,1344.0,1346.0,1339.137329,64957.0
2016-09-12,1332.0,1339.0,1321.0,1331.0,1324.213745,74532.0
2016-09-13,1357.0,1368.0,1332.0,1334.0,1327.198486,95022.0
2016-09-14,1345.0,1345.0,1325.609985,1326.0,1319.239258,101345.0
2016-09-15,1340.0,1353.0,1329.0,1333.0,1326.203613,80978.0
2016-09-16,1347.0,1353.0,1321.0,1335.0,1328.193359,215873.0
2016-09-19,1341.0,1349.0,1338.0,1347.0,1340.132202,61711.0
2016-09-20,1356.0,1383.0,1344.0,1357.0,1350.081177,86218.0
2016-09-21,1334.0,1397.290039,1334.0,1361.0,1354.060791,73552.0
2016-09-22,1360.0,1371.800049,1358.0,1369.0,1362.02002,34352.0
2016-09-23,1377.0,1397.0,1366.0,1397.0,1389.877319,334869.0
2016-09-26,1380.0,1425.0,1380.0,1410.0,1402.811035,86678.0
2016-09-27,1411.0,1417.800049,1362.160034,1375.0,1367.989502,64518.0
2016-09-28,1368.0,1395.0,1362.0,1379.0,1371.969116,65546.0
2016-09-29,1402.0,1407.060059,1367.0,1371.0,1364.009888,70048.0
2016-09-30,1360.0,1378.0,1358.0,1370.0,1363.014893,157202.0
2016-10-03,1364.0,1385.0,1362.0,1375.0,1367.989502,66554.0
2016-10-04,1377.0,1424.0,1376.719971,1384.0,1376.943604,121089.0
2016-10-05,1419.0,1419.0,1373.0,1402.0,1394.851807,87394.0
2016-10-06,1410.0,1419.0,1394.0,1413.0,1405.795654,106302.0
2016-10-07,1400.0,1415.0,1395.0,1408.0,1400.821167,96836.0
2016-10-10,1375.0,1425.0,1375.0,1420.0,1412.76001,83374.0
2016-10-11,1392.0,1431.0,1392.0,1428.0,1420.719238,42977.0
2016-10-12,1431.0,1437.0,1424.0,1431.0,1423.703979,182818.0
2016-10-13,1435.0,1445.0,1395.0,1406.0,1398.831421,105048.0
2016-10-14,1412.0,1446.23999,1392.0,1434.0,1426.688599,51024.0
2016-10-17,1440.0,1442.459961,1415.0,1429.0,1421.714111,52936.0
2016-10-18,1458.0,1465.0,1436.0,1445.0,1437.632568,73581.0
2016-10-19,1449.0,1481.0,1431.0,1475.0,1467.479614,114515.0
2016-10-20,1478.0,1512.0,1466.0,1497.0,1489.367432,96998.0
2016-10-21,1505.0,1508.5,1474.0,1475.0,1467.479614,164197.0
2016-10-24,1476.0,1502.0,1469.0,1480.0,1472.454102,81620.0
2016-10-25,1469.0,1489.0,1439.52002,1476.0,1468.474487,74964.0
2016-10-26,1480.0,1480.0,1431.0,1441.0,1433.652954,102324.0
2016-10-27,1439.0,1468.0,1428.0,1455.0,1447.581543,64408.0
2016-10-28,1438.0,1463.0,1435.599976,1451.0,1443.601929,52966.0
2016-10-31,1464.0,1482.0,1447.0,1461.0,1453.551025,106795.0
2016-11-01,1468.0,1476.0,1460.0,1468.0,1460.515259,112915.0
2016-11-02,1460.0,1500.0,1460.0,1473.0,1465.489746,113183.0
2016-11-03,1460.0,1464.0,1407.0,1417.0,1409.775269,314002.0
2016-11-04,1410.0,1412.0,1350.0,1358.0,1351.076172,158358.0
2016-11-07,1388.0,1389.0,1357.0,1382.0,1374.953735,140566.0
2016-11-08,1388.0,1402.719971,1378.0,1389.0,1381.918091,51902.0
2016-11-09,1381.0,1427.0,1368.349976,1406.0,1398.831421,312108.0
2016-11-10,1378.0,1407.640015,1325.0,1337.0,1330.183228,270856.0
2016-11-11,1322.0,1353.359985,1282.0,1282.0,1275.463623,295844.0
2016-11-14,1293.0,1311.0,1277.180054,1305.0,1298.346313,87583.0
2016-11-15,1303.0,1355.0,1303.0,1330.0,1323.218872,116358.0
2016-11-16,1325.0,1379.0,1325.0,1366.0,1359.035278,79506.0
2016-11-17,1366.0,1382.400024,1354.0,1355.0,1348.091431,84531.0
2016-11-18,1327.0,1359.0,1327.0,1350.0,1343.116943,103426.0
2016-11-21,1340.0,1360.0,1314.0,1354.0,1347.096558,101436.0
2016-11-22,1371.0,1371.0,1325.0,1331.0,1324.213745,160622.0
2016-11-23,1358.0,1358.0,1327.0,1335.0,1328.193359,80595.0
2016-11-24,1368.0,1368.0,1337.0,1350.0,1343.116943,37208.0
2016-11-25,1363.0,1374.0,1353.0,1370.0,1363.014893,64109.0
2016-11-28,1356.0,1376.0,1309.0,1372.0,1365.004761,103904.0
2016-11-29,1367.0,1367.0,1320.0,1350.0,1343.116943,74848.0
2016-11-30,1378.0,1378.0,1313.0,1350.0,1343.116943,109218.0
2016-12-01,1381.0,1381.0,1316.0,1345.0,1338.142456,56465.0
2016-12-02,1334.0,1340.0,1317.0,1335.0,1328.193359,79101.0
2016-12-05,1322.0,1350.0,1322.0,1345.0,1338.142456,66206.0
2016-12-06,1353.0,1405.0,1349.0,1361.0,1354.060791,53180.0
2016-12-07,1351.0,1380.0,1351.0,1374.0,1366.994507,93924.0
2016-12-08,1376.0,1472.0,1373.0,1462.0,1454.545898,203218.0
2016-12-09,1457.0,1489.0,1457.0,1461.0,1453.551025,102453.0
2016-12-12,1453.0,1469.0,1451.0,1453.0,1445.591797,113334.0
2016-12-13,1450.0,1496.609985,1438.0,1448.0,1440.61731,95832.0
2016-12-14,1460.0,1471.0,1375.0,1405.0,1397.836548,707404.0
2016-12-15,1405.0,1435.0,1399.0,1425.0,1417.734497,534655.0
2016-12-16,1406.0,1460.0,1406.0,1449.0,1441.612183,237484.0
2016-12-19,1483.0,1550.0,1482.0,1543.0,1535.132935,615537.0
2016-12-20,1554.0,1563.73999,1520.0,1525.0,1517.224609,291429.0
2016-12-21,1531.0,1551.26001,1526.0,1534.0,1526.178833,154933.0
2016-12-22,1564.0,1579.0,1528.51001,1534.0,1526.178833,113237.0
2016-12-23,1530.0,1535.0,1520.0,1535.0,1527.173706,36875.0
2016-12-28,1535.0,1573.0,1500.0,1534.0,1526.178833,252119.0
2016-12-29,1551.0,1582.0,1529.040039,1582.0,1573.934082,184309.0
2016-12-30,1568.0,1593.0,1533.0,1544.0,1536.127808,58655.0
2017-01-03,1544.0,1562.0,1523.0,1554.0,1546.076782,133134.0
2017-01-04,1562.0,1606.0,1551.0,1600.0,1591.842285,205282.0
2017-01-05,1604.0,1653.0,1598.449951,1640.0,1631.638306,204414.0
2017-01-06,1630.0,1658.0,1630.0,1655.0,1646.56189,131530.0
2017-01-09,1660.0,1689.550049,1635.0,1648.0,1639.597534,119794.0
2017-01-10,1643.0,1656.0,1627.640015,1640.0,1631.638306,200950.0
2017-01-11,1657.0,1657.0,1626.0,1636.0,1627.658691,82069.0
2017-01-12,1628.0,1629.0,1586.0,1598.0,1589.852417,194860.0
2017-01-13,1579.0,1602.0,1551.0,1600.0,1591.842285,130186.0
2017-01-16,1613.0,1617.0,1588.0,1597.0,1588.857544,92637.0
2017-01-17,1582.0,1592.0,1568.0,1583.0,1574.928955,182047.0
2017-01-18,1611.0,1611.0,1573.0,1586.0,1577.913696,96219.0
2017-01-19,1588.0,1618.0,1577.0,1616.0,1607.760742,88835.0
2017-01-20,1610.0,1665.0,1610.0,1650.0,1641.58728,126735.0
2017-01-23,1604.0,1655.0,1604.0,1655.0,1646.56189,256643.0
2017-01-24,1650.0,1661.0,1629.0,1637.0,1628.653564,110199.0
2017-01-25,1646.0,1659.199951,1615.0,1630.0,1621.689331,162859.0
2017-01-26,1647.0,1671.0,1624.0,1634.0,1625.668945,163060.0
2017-01-27,1620.0,1638.0,1620.0,1634.0,1625.668945,63364.0
2017-01-30,1638.0,1640.0,1624.0,1631.0,1622.684204,108447.0
2017-01-31,1637.0,1648.0,1629.0,1631.0,1622.684204,115821.0
2017-02-01,1630.0,1667.0,1623.0,1667.0,1658.50061,172840.0
2017-02-02,1671.0,1710.0,1647.0,1705.0,1696.306885,251901.0
2017-02-03,1704.0,1720.0,1693.0,1720.0,1711.230469,158023.0
2017-02-06,1738.0,1774.0,1719.0,1736.0,1727.148804,166685.0
2017-02-07,1733.0,1737.0,1700.0,1719.0,1710.235596,122365.0
2017-02-08,1737.0,1754.0,1727.0,1738.0,1729.138672,97708.0
2017-02-09,1746.0,1746.0,1724.0,1735.0,1726.153931,121266.0
2017-02-10,1746.0,1800.359985,1737.0,1791.0,1781.868408,110465.0
2017-02-13,1796.0,1796.0,1724.0,1732.0,1723.169312,213938.0
2017-02-14,1721.0,1740.0,1719.880005,1740.0,1731.128418,96315.0
2017-02-15,1750.0,1771.0,1739.0,1765.0,1756.000977,83867.0
2017-02-16,1774.0,1783.0,1758.0,1760.0,1751.026489,150074.0
2017-02-17,1770.0,1794.0,1755.0,1774.0,1764.955078,78791.0
2017-02-20,1767.0,1800.0,1759.819946,1769.0,1759.980591,120508.0
2017-02-21,1764.0,1772.0,1741.0,1758.0,1749.036743,153348.0
2017-02-22,1767.0,1767.0,1744.0,1751.0,1742.072388,150093.0
2017-02-23,1750.0,1800.0,1750.0,1789.0,1779.878662,271684.0
2017-02-24,1771.0,1784.0,1726.0,1742.0,1733.118286,163492.0
2017-02-27,1778.0,1778.0,1724.0,1741.0,1732.123413,145990.0
2017-02-28,1775.0,1775.0,1710.0,1745.0,1736.103027,118106.0
2017-03-01,1742.0,1786.0,1734.560059,1781.0,1771.919434,120590.0
2017-03-02,1792.0,1857.0,1788.0,1794.0,1784.853149,182919.0
2017-03-03,1777.0,1797.0,1776.0,1787.0,1777.888794,78386.0
2017-03-06,1790.0,1790.0,1758.0,1773.0,1763.960205,146339.0
2017-03-07,1768.0,1800.0,1765.0,1793.0,1783.858276,117258.0
2017-03-08,1810.0,1810.0,1757.0,1807.0,1797.786865,130035.0
2017-03-09,1817.0,1844.0,1806.0,1829.0,1819.674683,149274.0
2017-03-10,1843.0,1845.0,1815.5,1829.0,1819.674683,270156.0
2017-03-13,1829.0,1872.0,1822.0,1866.0,1856.486084,131262.0
2017-03-14,1865.0,1873.0,1823.0,1860.0,1850.516602,135808.0
2017-03-15,1871.0,1871.0,1814.300049,1863.0,1853.501343,133696.0
2017-03-16,1870.0,1885.0,1830.0,1843.0,1833.603271,111513.0
2017-03-17,1849.0,1849.0,1794.300049,1825.0,1815.695068,738229.0
2017-03-20,1835.0,1861.0,1827.0,1849.0,1839.572754,138518.0
2017-03-21,1856.0,1856.0,1826.0,1836.0,1826.639038,106777.0
2017-03-22,1824.0,1832.0,1788.0,1800.0,1790.82251,267891.0
2017-03-23,1830.0,1843.0,1809.0,1810.0,1800.771606,471762.0
2017-03-24,1819.0,1819.0,1773.209961,1779.0,1769.929565,256971.0
2017-03-27,1788.0,1788.0,1774.0,1779.0,1769.929565,351805.0
2017-03-28,1782.0,1785.030029,1742.0,1749.0,1740.082642,170920.0
2017-03-29,1745.0,1766.0,1745.0,1748.0,1739.087646,254781.0
2017-03-30,1761.0,1768.02002,1726.0,1755.0,1746.052002,217780.0
2017-03-31,1750.0,1785.0,1750.0,1769.0,1759.980591,236459.0
2017-04-03,1761.0,1776.0,1744.0,1744.0,1735.108032,175200.0
2017-04-04,1763.0,1826.0,1733.579956,1789.0,1779.878662,353803.0
2017-04-05,1785.0,1802.0,1777.800049,1786.0,1776.893921,109421.0
2017-04-06,1783.0,1805.0,1779.0,1780.0,1770.924561,147397.0
2017-04-07,1770.0,1789.0,1764.400024,1789.0,1779.878662,73589.0
2017-04-10,1796.0,1885.0,1785.880005,1843.0,1833.603271,273569.0
2017-04-11,1846.0,1891.0,1837.0,1878.0,1868.424805,213594.0
2017-04-12,1889.0,1923.0,1870.0,1897.0,1887.328003,299517.0
2017-04-13,1904.0,1923.0,1885.0,1889.0,1879.368774,225139.0
2017-04-18,1889.0,1913.0,1864.0,1875.0,1865.440186,328657.0
2017-04-19,1872.0,1941.0,1870.0,1902.0,1892.30249,394705.0
2017-04-20,1906.0,1934.0,1865.0,1892.0,1882.353516,334910.0
2017-04-21,1901.0,1912.0,1868.0,1874.0,1864.445313,170264.0
2017-04-24,1916.0,1926.0,1887.0,1889.0,1879.368774,229851.0
2017-04-25,1891.0,1914.160034,1885.0,1907.0,1897.276978,108398.0
2017-04-26,1907.0,1913.199951,1880.0,1913.0,1903.24646,79633.0
2017-04-27,1918.0,1967.0,1918.0,1955.0,1945.032227,237245.0
2017-04-28,1940.0,2013.0,1940.0,1987.0,1976.869141,270533.0
2017-05-02,2036.0,2070.76001,2012.0,2062.0,2051.486816,325093.0
2017-05-03,2075.0,2105.0,2054.0,2081.0,2070.389893,150012.0
2017-05-04,2089.0,2120.0,2089.0,2110.0,2099.241943,251570.0
2017-05-05,2152.0,2177.120117,2122.0,2140.0,2129.089111,336291.0
2017-05-08,2160.0,2167.02002,2063.0,2073.0,2062.430664,243499.0
2017-05-09,2072.0,2085.0,2061.0,2076.0,2065.415283,173917.0
2017-05-10,2077.0,2111.0,2072.679932,2079.0,2068.400146,112174.0
2017-05-11,2081.0,2127.0,2063.0,2094.0,2094.0,125281.0
2017-05-12,2098.0,2120.919922,2093.0,2106.0,2106.0,66802.0
2017-05-15,2101.0,2128.0,2081.0,2085.0,2085.0,111361.0
2017-05-16,2092.0,2180.0,2092.0,2159.0,2159.0,473104.0
2017-05-17,2152.0,2158.0,2113.0,2125.0,2125.0,155657.0
2017-05-18,2104.0,2255.879883,2075.0,2092.0,2092.0,247008.0
2017-05-19,2115.0,2126.0,2063.659912,2094.0,2094.0,213467.0
2017-05-22,2102.0,2116.73999,2078.0,2099.0,2099.0,150090.0
2017-05-23,2097.0,2176.0,2089.0,2143.0,2143.0,262291.0
2017-05-24,2152.0,2193.0,2150.0,2160.0,2160.0,178750.0
2017-05-25,2168.0,2193.0,2148.0,2190.0,2190.0,220342.0
2017-05-26,2197.0,2220.0,2163.0,2183.0,2183.0,147827.0
2017-05-30,2183.0,2232.0,2169.0,2187.0,2187.0,192156.0
2017-05-31,2192.0,2272.0,2191.0,2272.0,2272.0,1807204.0
2017-06-01,2231.0,2260.0,2228.0,2245.0,2245.0,324078.0
2017-06-02,2250.0,2269.0,2246.0,2260.0,2260.0,338410.0
2017-06-05,2267.0,2281.0,2232.0,2257.0,2257.0,221276.0
2017-06-06,2240.0,2272.0,2231.0,2262.0,2262.0,172148.0
2017-06-07,2270.0,2337.0,2257.0,2329.0,2329.0,187324.0
2017-06-08,2333.0,2333.0,2305.0,2310.0,2310.0,470438.0
2017-06-09,2300.0,2376.0,2259.0,2338.0,2338.0,282938.0
2017-06-12,2341.0,2341.0,2272.0,2298.0,2298.0,158379.0
2017-06-13,2316.0,2319.0,2291.0,2307.0,2307.0,175507.0
2017-06-14,2299.0,2352.0,2292.0,2298.0,2298.0,232565.0
2017-06-15,2290.0,2314.0,2234.0,2245.0,2245.0,306794.0
2017-06-16,2244.0,2389.0,2238.179932,2371.0,2371.0,680810.0
2017-06-19,2386.0,2387.639893,2318.0,2325.0,2325.0,109088.0
2017-06-20,2328.0,2359.0,2319.0,2352.0,2352.0,10054.0
2017-06-21,2345.0,2336.689941,2225.76001,2275.0,2275.0,38064.0
2017-06-22,2275.0,2331.0,2287.0,2292.0,2292.0,15033.0
2017-06-23,2289.0,2289.0,2218.52002,2227.0,2227.0,13497.0
2017-06-26,2234.0,2239.0,2211.0,2217.0,2217.0,12977.0
2017-06-27,2218.0,2213.780029,2146.0,2174.959961,2174.959961,34935.0
2017-06-28,2159.0,2175.0,2140.0,2170.0,2170.0,14796.0
2017-06-29,2175.0,2180.860107,2124.0,2150.0,2150.0,17543.0
2017-06-30,2159.0,2186.0,2140.0,2186.0,2186.0,8984.0
2017-07-03,2181.0,2187.5,2060.0,2103.0,2103.0,257147.0
2017-07-04,2096.0,2114.0,2093.0,2110.0,2110.0,183398.0
2017-07-05,2100.0,2129.0,2071.0,2120.0,2120.0,176846.0
2017-07-06,2125.0,2125.830078,2098.0,2100.0,2100.0,257756.0
2017-07-07,2082.0,2146.0,2076.0,2114.0,2114.0,136335.0
2017-07-10,2120.0,2128.0,2106.0,2106.0,2106.0,92444.0
2017-07-11,2100.0,2107.0,2063.0,2077.0,2077.0,212501.0
2017-07-12,2102.0,2156.0,2082.0,2128.0,2128.0,159315.0
2017-07-13,2171.0,2177.0,2146.0,2168.0,2168.0,96621.0
2017-07-14,2165.0,2182.01001,2149.0,2178.0,2178.0,137692.0
2017-07-17,2180.0,2203.0,2171.0,2199.0,2199.0,101147.0
2017-07-18,2208.0,2266.0,2206.0,2265.0,2265.0,337681.0
2017-07-19,2265.0,2265.0,2250.0,2256.0,2256.0,259598.0
2017-07-20,2251.0,2258.0,2213.0,2232.0,2232.0,114199.0
2017-07-21,2243.0,2284.0,2229.0,2230.0,2230.0,135544.0
2017-07-24,2222.0,2222.0,2185.0,2195.0,2195.0,207923.0
2017-07-25,2211.0,2229.0,2209.0,2221.0,2221.0,115188.0
2017-07-26,2212.0,2275.0,2210.0,2250.0,2250.0,137176.0
2017-07-27,2277.0,2331.0,2273.0,2299.0,2299.0,124502.0
2017-07-28,2271.0,2283.0,2252.0,2260.0,2260.0,66379.0
2017-07-31,2274.0,2301.0,2257.0,2263.0,2263.0,102858.0
2017-08-01,2283.0,2286.0,2240.0,2250.0,2250.0,103372.0
2017-08-02,2245.0,2268.0,2215.0,2226.0,2226.0,101073.0
2017-08-03,2209.0,2232.0,2209.0,2225.0,2225.0,136041.0
2017-08-04,2218.0,2233.0,2202.0,2220.0,2220.0,122356.0
2017-08-07,2218.0,2228.0,2209.969971,2220.0,2220.0,154531.0
2017-08-08,2217.0,2228.0,2199.0,2213.0,2213.0,118039.0
2017-08-09,2195.0,2228.0,2183.080078,2214.0,2214.0,111175.0
2017-08-10,2209.0,2237.0,2172.0,2178.0,2178.0,142530.0
2017-08-11,2154.0,2188.159912,2109.159912,2183.0,2183.0,201679.0
2017-08-14,2189.0,2314.0,2135.840088,2283.0,2283.0,208548.0
2017-08-15,2284.0,2317.0,2267.0,2317.0,2317.0,132044.0
2017-08-16,2310.0,2400.0,2305.0,2388.0,2388.0,241354.0
2017-08-17,2395.0,2402.370117,2312.0,2326.0,2326.0,389801.0
2017-08-18,2327.0,2354.0,2293.0,2330.0,2330.0,94335.0
2017-08-21,2311.0,2398.0,2311.0,2387.0,2387.0,216095.0
2017-08-22,2400.0,2432.0,2377.100098,2420.0,2420.0,123506.0
2017-08-23,2470.0,2616.0,2442.870117,2593.0,2593.0,477729.0
2017-08-24,2620.0,2681.0,2576.0,2663.0,2663.0,406760.0
2017-08-25,2669.0,2689.0,2653.0,2670.0,2670.0,303076.0
2017-08-29,2670.0,2678.0,2650.0,2665.0,2665.0,273153.0
2017-08-30,2701.0,2750.0,2665.0,2712.0,2712.0,234390.0
2017-08-31,2730.0,2754.560059,2633.659912,2715.0,2715.0,335643.0
2017-09-01,2722.0,2781.0,2722.0,2759.0,2759.0,218872.0
2017-09-04,2756.0,2781.0,2740.0,2749.0,2749.0,203254.0
2017-09-05,2761.0,2782.919922,2743.0,2744.0,2744.0,158187.0
2017-09-06,2735.0,2752.0,2703.0,2717.0,2717.0,166387.0
2017-09-07,2721.0,2752.0,2696.0,2739.0,2739.0,192562.0
2017-09-08,2727.0,2849.0,2727.0,2836.0,2836.0,367768.0
2017-09-11,2844.0,2845.0,2760.0,2829.0,2829.0,455235.0
2017-09-12,2844.0,2909.899902,2779.0,2843.0,2843.0,407017.0
2017-09-13,2800.0,2868.0,2781.0,2837.0,2837.0,333672.0
2017-09-14,2817.0,2841.0,2750.0,2768.0,2768.0,339259.0
2017-09-15,2766.0,2810.0,2727.0,2785.0,2785.0,2506268.0
2017-09-18,2787.0,2812.0,2750.75,2751.0,2751.0,291336.0
2017-09-19,2745.0,2758.0,2663.0,2719.0,2719.0,424251.0
2017-09-20,2719.0,2726.0,2682.0,2688.0,2688.0,255620.0
2017-09-21,2687.0,2702.0,2652.0,2653.0,2653.0,222722.0
2017-09-22,2653.0,2697.0,2652.0,2673.0,2673.0,178483.0
2017-09-25,2665.0,2704.0,2630.429932,2645.0,2645.0,352341.0
2017-09-26,2652.0,2733.0,2650.0,2718.0,2718.0,308073.0
2017-09-27,2706.0,2724.0,2686.0,2693.0,2693.0,261780.0
2017-09-28,2684.0,2731.0,2679.0,2719.0,2719.0,226732.0
2017-09-29,2716.0,2756.0,2716.0,2751.0,2751.0,190077.0
2017-10-02,2754.0,2795.0,2741.0,2752.0,2752.0,258186.0
2017-10-03,2734.0,2746.0,2703.820068,2742.0,2742.0,199923.0
2017-10-04,2730.0,2750.0,2728.0,2740.0,2740.0,274889.0
2017-10-05,2762.0,2776.0,2721.76001,2722.0,2722.0,321766.0
2017-10-06,2790.0,2848.0,2736.939941,2838.0,2838.0,553523.0
2017-10-09,2833.0,2870.0,2736.939941,2835.0,2835.0,404613.0
2017-10-10,2827.0,2899.0,2801.0,2834.0,2834.0,431935.0
2017-10-11,2859.0,2982.0,2852.0,2928.0,2928.0,632941.0
2017-10-12,2938.0,2982.0,2938.0,2952.0,2952.0,302807.0
2017-10-13,2960.0,2960.0,2914.0,2915.0,2915.0,212273.0
2017-10-16,2929.0,2937.0,2883.0,2896.0,2896.0,274603.0
2017-10-17,2888.0,2900.0,2828.0,2843.0,2843.0,220313.0
2017-10-18,2854.0,2909.0,2839.0,2850.0,2850.0,302804.0
2017-10-19,2862.0,2862.0,2800.0,2830.0,2830.0,446962.0
2017-10-20,2854.0,2908.0,2794.0,2908.0,2908.0,293684.0
2017-10-23,2902.0,2971.0,2886.0,2901.0,2901.0,166973.0
2017-10-24,2880.0,2933.0,2859.23999,2890.0,2890.0,215038.0
2017-10-25,2901.0,2961.699951,2880.0,2935.0,2935.0,256083.0
2017-10-26,2943.0,2948.0,2883.0,2885.0,2885.0,259326.0
2017-10-27,2889.0,2902.0,2850.0,2886.0,2886.0,183567.0
2017-10-30,2896.0,2896.0,2851.0,2877.0,2877.0,178446.0
2017-10-31,2883.0,2914.0,2873.0,2892.0,2892.0,210033.0
2017-11-01,2896.0,2943.0,2894.73999,2895.0,2895.0,203801.0
2017-11-02,2891.0,2969.0,2886.0,2962.0,2962.0,260812.0
2017-11-03,2970.0,3096.0,2970.0,3089.0,3089.0,305553.0
2017-11-06,3108.0,3199.0,3094.0,3165.0,3165.0,422420.0
2017-11-07,3172.0,3211.0,3144.0,3199.0,3199.0,450187.0
2017-11-08,3181.0,3186.0,3055.0,3059.0,3059.0,398618.0
2017-11-09,3055.0,3063.659912,2962.0,2973.0,2973.0,304816.0
2017-11-10,2985.0,3010.0,2918.0,2918.0,2918.0,286924.0
2017-11-13,2914.0,2926.0,2766.0,2800.0,2800.0,639902.0
2017-11-14,2815.0,2977.0,2806.199951,2853.0,2853.0,533646.0
2017-11-15,2857.0,2857.0,2743.0,2750.0,2750.0,526622.0
2017-11-16,2777.0,2782.0,2716.0,2718.0,2718.0,346566.0
2017-11-17,2725.0,2746.0,2691.0,2700.0,2700.0,307291.0
2017-11-20,2720.0,2757.0,2717.0,2730.0,2730.0,261136.0
2017-11-21,2727.0,2856.0,2694.0,2847.0,2847.0,362462.0
2017-11-22,2835.0,2897.0,2798.0,2880.0,2880.0,473503.0
2017-11-23,2880.0,2881.0,2851.0,2868.0,2868.0,100293.0
2017-11-24,2855.0,2886.0,2843.0,2860.0,2860.0,137736.0
2017-11-27,2858.0,2886.0,2858.0,2869.0,2869.0,144971.0
2017-11-28,2886.0,2905.0,2853.0,2905.0,2905.0,231441.0
2017-11-29,2892.0,2945.0,2889.0,2890.0,2890.0,340562.0
2017-11-30,2861.0,2875.0,2834.0,2849.0,2849.0,367588.0
2017-12-01,2840.0,2873.0,2837.0,2848.0,2848.0,354803.0
2017-12-04,2852.0,2867.0,2810.0,2818.0,2818.0,363404.0
2017-12-05,2809.0,2830.0,2784.0,2800.0,2800.0,224521.0
2017-12-06,2810.0,2839.0,2779.0,2837.0,2837.0,237604.0
2017-12-07,2845.0,2874.0,2819.0,2849.0,2849.0,249280.0
2017-12-08,2855.0,2936.0,2836.0,2902.0,2902.0,240538.0
2017-12-11,2900.0,2904.0,2874.0,2878.0,2878.0,183087.0
2017-12-12,2899.0,2912.0,2875.0,2898.0,2898.0,194979.0
2017-12-13,2903.0,2908.0,2860.0,2900.0,2900.0,212221.0
2017-12-14,2918.0,2922.0,2865.0,2868.0,2868.0,466171.0
2017-12-15,2885.0,2885.0,2792.0,2800.0,2800.0,638670.0
2017-12-18,2796.0,2870.0,2789.0,2870.0,2870.0,305506.0
2017-12-19,2876.0,2896.0,2811.0,2852.0,2852.0,256394.0
2017-12-20,2875.0,2875.0,2661.0,2738.0,2738.0,528296.0
2017-12-21,2766.0,2843.0,2743.0,2817.0,2817.0,396881.0
2017-12-22,2799.0,2846.0,2766.0,2816.0,2816.0,61282.0
2017-12-27,2816.0,2903.0,2811.0,2903.0,2903.0,188125.0
2017-12-28,2915.0,2922.0,2829.0,2839.0,2839.0,234394.0
2017-12-29,2862.0,2899.0,2860.0,2885.0,2885.0,90439.0
2018-01-02,2885.0,2908.0,2852.0,2868.0,2868.0,206510.0
2018-01-03,2864.0,2928.0,2864.0,2920.0,2920.0,213973.0
2018-01-04,2938.0,3102.0,2934.0,3080.0,3080.0,495991.0
2018-01-05,3086.0,3138.0,3072.0,3138.0,3138.0,416200.0
2018-01-08,3148.0,3188.0,3112.0,3166.0,3166.0,291669.0
2018-01-09,3166.0,3216.0,3146.0,3216.0,3216.0,432084.0
2018-01-10,3200.0,3214.0,3156.0,3202.0,3202.0,305040.0
2018-01-11,3202.0,3210.0,3152.0,3164.0,3164.0,323099.0
2018-01-12,3162.0,3190.0,3098.0,3102.0,3102.0,310373.0
2018-01-15,3074.0,3106.0,3016.0,3032.0,3032.0,370207.0
2018-01-16,3054.0,3120.0,3040.0,3102.0,3102.0,269108.0
2018-01-17,3124.0,3178.0,3108.0,3152.0,3152.0,256839.0
2018-01-18,3152.0,3198.0,3134.0,3198.0,3198.0,268287.0
2018-01-19,3202.0,3298.0,3188.0,3280.0,3280.0,422392.0
2018-01-22,3290.0,3408.0,3282.0,3360.0,3360.0,584296.0
2018-01-23,3460.0,3540.0,3454.0,3460.0,3460.0,531284.0
2018-01-24,3426.0,3498.0,3356.0,3380.0,3380.0,475497.0
2018-01-25,3382.0,3414.0,3268.0,3380.0,3380.0,434592.0
2018-01-26,3392.0,3402.0,3346.0,3360.0,3360.0,499823.0
2018-01-29,3374.0,3400.0,3324.0,3350.0,3350.0,385786.0
2018-01-30,3322.0,3368.0,3292.0,3340.0,3340.0,375364.0
2018-01-31,3350.0,3358.0,3326.0,3338.0,3338.0,533594.0
2018-02-01,3328.0,3352.0,3274.0,3274.0,3274.0,459478.0
2018-02-02,3268.0,3356.0,3252.0,3256.0,3256.0,405590.0
2018-02-05,3222.0,3226.0,3140.0,3208.0,3208.0,690280.0
2018-02-06,3070.0,3338.0,2978.0,3162.0,3162.0,811234.0
2018-02-07,3184.0,3236.0,3166.0,3226.0,3226.0,1815922.0
2018-02-08,3190.0,3294.0,3166.0,3210.0,3210.0,426840.0
2018-02-09,3208.0,3208.0,3086.0,3110.0,3110.0,530895.0
2018-02-12,3166.0,3280.0,3164.0,3246.0,3246.0,529259.0
2018-02-13,3236.0,3284.0,3234.0,3268.0,3268.0,248205.0
2018-02-14,3280.0,3294.0,3208.0,3256.0,3256.0,309690.0
2018-02-15,3268.0,3278.0,3246.0,3278.0,3278.0,629754.0
2018-02-16,3300.0,3446.0,3248.0,3424.0,3424.0,433630.0
2018-02-19,3450.0,3516.0,3366.0,3366.0,3366.0,1024624.0
2018-02-20,3388.0,3394.0,3344.0,3370.0,3370.0,264025.0
2018-02-21,3374.0,3402.0,3356.0,3400.0,3400.0,391610.0
2018-02-22,3376.0,3518.0,3372.0,3510.0,3510.0,427484.0
2018-02-23,3524.0,3530.0,3442.0,3498.0,3498.0,275943.0
2018-02-26,3510.0,3546.0,3454.0,3524.0,3524.0,348220.0
2018-02-27,3524.0,3548.0,3464.0,3516.0,3516.0,376484.0
2018-02-28,3492.0,3506.0,3434.0,3434.0,3434.0,253483.0
2018-03-01,3440.0,3464.0,3358.0,3386.0,3386.0,358335.0
2018-03-02,3352.0,3380.0,3302.0,3332.0,3332.0,400856.0
2018-03-05,3324.0,3396.0,3320.0,3334.0,3334.0,638777.0
2018-03-06,3386.0,3400.0,3326.0,3358.0,3358.0,462695.0
2018-03-07,3350.0,3350.0,3044.0,3274.0,3274.0,1850951.0
2018-03-08,3274.0,3381.199951,3236.0,3362.0,3362.0,479542.0
